years_owned,property_value,square_feet,bedrooms,bathrooms,property_age,neighborhood,distance_to_t,school_rating,property_tax,has_liens,lien_amount,mortgage_rate,income_to_mortgage_ratio,market_inventory_months,avg_days_on_market,last_transaction_date,sale_probability
4,803310,815,2,1.5,42,Roslindale,0.77,8.3,5273,0,0,4.41,2.91,3.4,15,2021-04-09,0.29
22,349396,1741,4,1.5,91,Beacon Hill,1.58,6.5,4281,0,0,2.79,3.53,4.5,42,2003-04-14,0.08
10,864059,746,2,1.5,15,Brighton,0.04,7.0,1000,1,959,3.42,3.16,3.7,18,2015-04-11,0.18
7,933175,2332,2,1.5,232,Brighton,0.11,7.2,7283,0,0,4.79,4.48,3.5,74,2018-04-10,0.44
2,917937,1857,2,2.0,92,Dorchester,0.88,4.4,2884,1,15952,2.57,3.67,3.3,42,2023-04-09,0.01
2,1074234,779,2,2.0,93,North End,0.4,8.1,6093,0,0,3.57,7.2,5.0,48,2023-04-09,0.23
1,1000176,1583,2,2.0,58,East Boston,0.36,7.2,6541,0,0,4.46,4.01,4.8,52,2024-04-08,0.25
15,887754,1273,3,2.0,66,North End,0.1,5.4,5668,0,0,2.68,1.42,3.3,24,2010-04-12,0.01
7,728950,2023,3,1.0,92,South Boston,0.49,9.7,5939,0,0,6.64,3.24,1.2,73,2018-04-10,0.53
9,251711,2738,1,1.0,117,East Boston,0.09,6.5,7692,0,0,2.0,3.35,3.6,44,2016-04-10,0.08
1,878885,487,2,1.5,101,South End,0.45,6.6,3415,0,0,4.17,2.76,2.4,13,2024-04-08,0.18
25,812306,1880,4,2.0,61,Mattapan,1.01,8.0,5329,0,0,6.41,3.59,2.8,64,2000-04-14,0.01
13,831473,1687,2,1.5,48,South End,0.21,9.8,4549,0,0,2.51,2.73,3.3,34,2012-04-11,0.01
2,366975,2269,2,1.5,46,Allston,0.46,8.0,1320,0,0,4.34,3.9,1.9,25,2023-04-09,0.18
2,425683,1949,4,2.0,150,Hyde Park,3.38,8.2,5572,0,0,4.7,1.21,1.1,15,2023-04-09,0.35
2,1065945,1273,2,3.0,140,Back Bay,0.81,5.5,7502,1,17587,3.29,4.87,3.9,29,2023-04-09,0.08
3,738133,1576,1,1.0,111,North End,1.29,7.1,7752,0,0,4.38,1.61,3.5,28,2022-04-09,0.46
6,954450,1242,3,2.0,149,Fenway,0.38,6.2,8714,0,0,5.34,3.18,3.5,69,2019-04-10,0.54
4,758495,2553,2,2.5,79,Roslindale,1.02,8.1,1452,0,0,3.8,2.62,4.3,26,2021-04-09,0.41
3,758926,1814,3,2.5,134,West Roxbury,0.03,8.2,8257,1,11366,5.65,3.87,2.5,17,2022-04-09,0.18
7,1031485,3130,4,3.5,114,Roxbury,0.09,9.4,5369,1,6828,5.09,3.28,4.0,48,2018-04-10,0.19
2,595186,1757,2,1.0,136,North End,0.16,3.8,8201,0,0,3.63,3.8,5.5,71,2023-04-09,0.01
3,778836,1304,3,1.5,43,Charlestown,0.36,6.1,4210,1,14968,6.19,4.83,3.1,30,2022-04-09,0.01
4,611317,740,3,3.0,14,North End,1.31,9.0,3938,0,0,3.39,4.42,6.3,99,2021-04-09,0.39
5,619651,537,2,2.0,98,South Boston,0.3,4.9,2569,1,8048,5.78,3.54,3.6,64,2020-04-09,0.26
11,657248,691,3,2.0,69,Beacon Hill,0.74,8.2,6551,0,0,3.42,4.05,2.2,74,2014-04-11,0.28
2,816640,1986,2,2.5,18,Hyde Park,0.86,8.7,6028,0,0,4.03,5.85,4.8,47,2023-04-09,0.19
6,606375,2156,3,2.5,163,Charlestown,0.62,7.0,2765,0,0,4.26,4.47,3.3,45,2019-04-10,0.51
7,1126726,693,1,3.5,140,Mattapan,0.31,4.9,1000,0,0,5.01,3.15,5.1,26,2018-04-10,0.55
1,481617,2426,3,4.0,103,Brighton,0.6,6.8,5830,0,0,2.0,5.03,4.1,86,2024-04-08,0.33
7,693938,1461,2,2.5,50,Charlestown,0.29,9.2,6058,0,0,5.19,3.97,3.0,78,2018-04-10,0.49
2,618080,1902,4,1.5,25,South End,0.06,9.3,3026,1,7309,4.35,2.34,5.8,87,2023-04-09,0.02
1,1184093,2928,1,3.0,17,Roxbury,3.45,7.3,2624,0,0,4.93,3.28,2.8,36,2024-04-08,0.37
21,808966,2427,3,1.0,60,Dorchester,0.1,5.5,6311,0,0,5.25,1.73,0.5,31,2004-04-13,0.01
24,1059553,1612,3,1.5,124,Roxbury,0.05,9.6,8712,0,0,5.09,0.76,4.8,55,2001-04-14,0.02
12,304331,1176,3,3.0,69,Brighton,1.48,8.2,4010,0,0,2.0,2.36,4.0,28,2013-04-11,0.22
3,830115,400,3,1.5,112,Hyde Park,0.25,5.6,3240,0,0,2.91,3.65,5.4,36,2022-04-09,0.33
1,1016889,1296,3,1.5,115,Jamaica Plain,0.74,7.5,5597,0,0,5.0,3.65,2.2,14,2024-04-08,0.17
9,774685,1652,4,1.0,123,South Boston,0.28,7.4,6270,0,0,4.8,1.81,3.1,42,2016-04-10,0.3
5,1069644,1108,4,3.0,22,Fenway,0.35,6.0,4271,0,0,3.32,0.65,3.0,51,2020-04-09,0.49
1,594813,1708,2,2.0,53,Beacon Hill,0.21,7.5,9050,0,0,5.61,5.26,4.9,75,2024-04-08,0.19
5,1172804,1853,3,2.5,110,Dorchester,0.29,8.7,6803,1,1802,4.12,3.61,4.5,57,2020-04-09,0.27
1,1439669,1642,4,1.5,183,Mattapan,0.37,6.6,4237,0,0,5.83,5.37,3.8,62,2024-04-08,0.32
17,641148,1344,5,2.5,155,Charlestown,0.89,8.8,1815,1,14413,6.32,5.3,3.8,95,2008-04-12,0.01
3,616349,1918,4,2.5,100,Jamaica Plain,0.5,4.4,7638,0,0,4.92,4.38,1.8,23,2022-04-09,0.49
8,1186015,2109,3,1.5,164,Roxbury,2.01,10.0,7383,0,0,5.33,3.57,4.7,21,2017-04-10,0.33
3,1223871,1036,2,2.0,99,South Boston,0.03,7.1,4394,1,9257,3.59,3.02,4.7,41,2022-04-09,0.28
6,593141,2787,3,1.5,30,South Boston,0.49,8.6,5701,0,0,5.84,4.36,6.9,20,2019-04-10,0.44
6,623943,1730,3,4.0,122,Mattapan,0.61,7.3,4699,0,0,4.83,3.31,4.2,44,2019-04-10,0.4
2,665464,1813,3,2.0,158,Dorchester,1.77,5.8,6041,0,0,4.06,2.79,4.4,20,2023-04-09,0.18
25,346664,2295,3,3.5,214,East Boston,0.04,6.9,2950,0,0,2.67,0.98,4.2,23,2000-04-14,0.01
11,474404,1963,4,1.5,59,Allston,0.6,4.1,2664,0,0,3.77,3.4,2.5,15,2014-04-11,0.25
20,448757,2467,3,2.5,40,East Boston,1.35,8.0,6621,0,0,2.84,4.82,5.4,42,2005-04-13,0.01
16,519660,2000,4,2.5,134,Dorchester,0.19,7.3,6875,1,22662,5.64,5.01,3.4,18,2009-04-12,0.01
7,739594,1371,3,2.5,107,South End,1.46,6.7,4018,0,0,6.33,3.56,3.2,49,2018-04-10,0.33
18,820264,2053,2,4.0,101,Roxbury,0.01,8.1,3501,0,0,5.87,2.43,3.3,53,2007-04-13,0.07
1,1215150,999,3,2.0,165,Brighton,0.92,7.1,7295,0,0,8.0,4.58,3.4,25,2024-04-08,0.37
2,450493,1875,4,1.0,134,Jamaica Plain,1.89,7.9,3569,0,0,3.81,3.48,2.8,58,2023-04-09,0.19
1,1045296,1776,2,2.5,112,South Boston,0.75,8.4,5110,1,5079,5.39,3.06,3.8,54,2024-04-08,0.2
3,685803,1654,2,2.5,64,Brighton,0.4,6.2,4857,0,0,2.73,1.75,3.4,66,2022-04-09,0.3
4,735160,1710,5,2.0,128,Roxbury,0.03,5.7,2066,0,0,4.2,6.02,3.2,24,2021-04-09,0.29
3,952445,482,2,1.5,39,Jamaica Plain,1.77,4.4,5384,1,3847,2.28,4.39,4.2,23,2022-04-09,0.21
13,413183,1415,3,2.0,99,North End,0.44,7.2,5188,0,0,5.35,4.52,3.6,52,2012-04-11,0.1
4,864722,1864,3,1.5,83,Roslindale,0.02,7.7,5720,0,0,3.97,2.46,2.7,40,2021-04-09,0.35
3,799935,1911,3,2.0,29,Beacon Hill,0.82,5.0,5316,0,0,2.0,3.6,2.4,43,2022-04-09,0.31
6,897735,1080,3,2.0,107,Hyde Park,0.46,9.1,9271,0,0,3.47,3.4,3.6,77,2019-04-10,0.3
2,836750,2685,2,2.5,59,West Roxbury,0.09,5.8,7323,0,0,7.19,4.44,2.4,60,2023-04-09,0.37
12,1486590,1193,3,1.5,105,Mattapan,0.17,3.8,5077,0,0,5.12,5.13,2.3,54,2013-04-11,0.18
1,558678,2478,3,2.0,46,South End,0.05,9.2,5260,0,0,5.65,1.78,2.3,51,2024-04-08,0.09
31,590700,2099,3,1.5,134,Allston,0.6,4.0,8527,0,0,4.69,2.21,3.9,63,1994-04-16,0.27
11,563057,1347,2,1.5,198,Allston,0.68,8.4,6726,0,0,4.23,4.27,5.3,33,2014-04-11,0.11
2,583356,3042,3,2.5,39,South Boston,0.49,8.1,2541,0,0,4.52,2.89,4.0,20,2023-04-09,0.18
1,558783,964,2,3.5,46,Roslindale,1.19,7.5,6897,0,0,4.87,4.48,4.8,26,2024-04-08,0.35
12,1106704,2443,2,2.0,35,North End,1.38,6.2,7485,1,17465,2.86,3.05,3.4,25,2013-04-11,0.01
9,1176151,2500,2,2.5,74,Charlestown,0.67,7.8,8235,0,0,5.64,2.0,3.7,11,2016-04-10,0.07
10,578776,1330,2,3.0,105,North End,0.01,8.6,4197,0,0,6.18,1.39,6.0,51,2015-04-11,0.34
11,500293,2774,4,3.0,123,Mattapan,0.83,5.5,4051,0,0,4.21,4.08,4.7,31,2014-04-11,0.22
1,891424,1624,2,1.5,98,Hyde Park,0.38,8.5,3116,0,0,3.72,4.11,4.9,33,2024-04-08,0.23
4,584333,2002,4,4.0,121,South Boston,0.58,8.4,5616,0,0,3.39,4.66,3.1,27,2021-04-09,0.34
1,939879,1982,5,2.0,81,Hyde Park,0.73,7.4,6465,0,0,7.14,3.89,3.5,36,2024-04-08,0.25
14,810876,1705,3,1.5,59,Fenway,0.3,6.2,3973,0,0,3.82,0.5,4.1,83,2011-04-12,0.02
7,295276,2367,2,1.0,47,Mattapan,1.74,8.4,4716,0,0,5.48,4.1,2.6,15,2018-04-10,0.56
3,1214251,2355,3,2.0,76,Mattapan,0.1,7.8,1000,0,0,4.22,1.75,0.5,92,2022-04-09,0.19
1,1288763,576,4,1.0,48,Roslindale,0.78,5.5,8018,0,0,4.13,1.26,4.1,42,2024-04-08,0.25
3,566163,2713,3,1.5,103,Roxbury,0.0,6.4,1870,0,0,3.35,1.11,4.9,28,2022-04-09,0.39
3,633689,636,1,1.5,48,North End,1.81,8.2,5749,0,0,3.04,1.0,3.6,30,2022-04-09,0.23
10,835759,2522,3,3.0,63,Charlestown,0.08,7.2,5476,0,0,5.61,3.83,2.6,22,2015-04-11,0.2
8,850337,2588,4,3.0,150,North End,0.07,8.6,5091,0,0,3.01,2.62,3.0,13,2017-04-10,0.46
16,947563,1036,4,1.5,157,Brighton,0.28,6.5,5137,0,0,5.19,1.68,0.5,21,2009-04-12,0.01
5,1353061,1512,2,3.0,155,Allston,0.33,5.5,2976,0,0,4.64,3.53,3.0,36,2020-04-09,0.35
1,696915,1026,3,3.0,82,Roxbury,0.17,10.0,4343,0,0,5.63,2.17,1.8,32,2024-04-08,0.34
9,510510,1649,2,2.5,60,East Boston,0.62,4.5,6937,0,0,3.59,4.68,2.5,47,2016-04-10,0.35
11,336204,1584,2,1.0,112,Hyde Park,0.41,6.3,7530,1,20122,6.12,5.24,1.8,27,2014-04-11,0.01
6,530720,2345,4,2.5,49,North End,0.02,7.4,4158,0,0,4.29,3.24,1.6,25,2019-04-10,0.6
11,740061,2717,2,3.5,127,Dorchester,0.27,8.5,1879,0,0,8.0,5.15,2.0,111,2014-04-11,0.22
5,1288367,2776,2,2.5,57,Back Bay,1.16,8.0,3442,0,0,2.08,5.15,4.4,23,2020-04-09,0.36
6,594716,1406,1,1.5,74,Charlestown,0.82,10.0,8705,0,0,8.0,3.6,2.7,23,2019-04-10,0.43
4,817136,1653,4,2.0,128,East Boston,0.9,6.8,3561,0,0,4.31,5.58,1.8,62,2021-04-09,0.46
1,745073,621,4,2.0,24,Back Bay,0.84,5.7,4805,0,0,4.83,2.75,4.6,54,2024-04-08,0.42
1,1106517,1235,3,2.0,59,Mattapan,0.26,6.7,7831,0,0,3.59,1.15,3.7,29,2024-04-08,0.05
1,1508079,2475,4,1.0,104,Hyde Park,0.07,6.5,3946,0,0,2.15,1.63,0.5,56,2024-04-08,0.33
8,590739,2930,2,1.5,117,Mattapan,0.22,6.9,4668,0,0,3.71,2.7,5.0,39,2017-04-10,0.43
3,603168,935,3,3.0,106,South Boston,1.25,5.5,6588,0,0,3.95,4.14,3.6,27,2022-04-09,0.31
5,1063248,1385,3,3.0,74,Allston,2.76,8.2,8423,0,0,4.77,2.11,4.7,52,2020-04-09,0.44
17,954567,1781,1,1.0,135,South Boston,0.48,7.6,3708,0,0,6.18,2.69,3.2,37,2008-04-12,0.13
3,1304012,1996,3,4.0,46,North End,0.01,5.1,7784,0,0,4.79,2.0,5.9,14,2022-04-09,0.17
4,925178,1233,4,1.5,45,Hyde Park,0.11,8.5,4436,1,8441,4.81,2.72,2.9,52,2021-04-09,0.34
10,642212,2096,1,2.5,103,Back Bay,0.27,5.8,3228,0,0,5.08,5.11,0.5,34,2015-04-11,0.16
2,927196,1468,2,2.5,43,Brighton,0.6,5.2,5499,0,0,2.0,3.93,2.2,79,2023-04-09,0.19
1,1082611,1789,2,3.0,202,Back Bay,0.05,7.1,2684,0,0,2.01,2.81,4.3,58,2024-04-08,0.21
3,996144,2182,2,3.5,60,Roslindale,2.01,4.4,5944,0,0,2.25,4.96,3.7,41,2022-04-09,0.51
2,902182,1804,4,1.5,134,Roxbury,0.32,7.9,11299,0,0,3.94,3.53,3.3,30,2023-04-09,0.25
19,1070002,1494,3,3.0,38,Charlestown,1.71,2.7,7211,0,0,2.0,3.66,2.0,36,2006-04-13,0.02
12,1100788,1723,3,1.0,179,South Boston,1.06,5.5,4790,0,0,3.47,4.87,3.5,22,2013-04-11,0.34
8,1164647,1738,4,2.5,85,Allston,0.99,9.4,7104,0,0,2.45,3.09,3.5,40,2017-04-10,0.32
15,944612,1540,2,2.5,59,Back Bay,0.65,6.0,3136,0,0,5.23,4.6,3.5,83,2010-04-12,0.01
12,699864,1618,3,2.5,71,Brighton,0.69,6.2,3472,1,15440,5.16,4.51,4.3,99,2013-04-11,0.01
2,794014,2919,3,1.5,53,East Boston,0.71,8.9,4845,0,0,4.05,3.33,3.8,69,2023-04-09,0.42
16,1111952,2192,3,3.0,74,Roslindale,0.69,5.8,5175,1,6443,2.0,1.82,3.1,39,2009-04-12,0.01
6,504919,1593,5,1.5,40,South End,0.56,8.1,2413,0,0,4.14,3.52,2.0,17,2019-04-10,0.63
12,860601,2287,4,1.0,60,North End,3.01,8.8,4387,1,6731,4.99,4.86,5.5,35,2013-04-11,0.07
16,631998,1566,3,2.5,133,Back Bay,0.92,7.7,4710,0,0,5.72,4.48,6.5,60,2009-04-12,0.01
3,758623,2621,4,2.0,95,Hyde Park,1.05,4.8,8083,1,11410,7.13,5.55,6.1,56,2022-04-09,0.13
1,1133535,2058,2,3.0,45,Jamaica Plain,1.44,6.1,2413,0,0,6.18,2.91,4.5,33,2024-04-08,0.15
2,807329,1724,1,2.0,76,Back Bay,0.17,10.0,2227,0,0,4.75,4.44,1.0,32,2023-04-09,0.25
4,763930,2113,2,1.5,158,West Roxbury,0.06,6.3,5351,0,0,4.07,2.29,0.8,45,2021-04-09,0.81
12,342043,700,2,3.0,64,South End,0.46,10.0,7301,0,0,3.39,3.74,2.7,37,2013-04-11,0.3
14,973876,1011,3,2.0,42,Fenway,0.51,9.6,6103,0,0,6.53,4.83,3.4,35,2011-04-12,0.19
1,943645,964,3,1.5,114,Charlestown,1.24,7.8,5605,1,6660,4.75,4.59,3.4,34,2024-04-08,0.01
6,1398976,1900,4,2.5,18,Hyde Park,0.41,7.4,4422,0,0,5.45,3.62,3.8,75,2019-04-10,0.56
4,657666,3012,3,2.0,72,Allston,0.59,6.3,6352,0,0,3.61,3.18,1.4,21,2021-04-09,0.49
2,815745,3361,3,2.0,166,Back Bay,0.52,6.9,6653,0,0,2.64,2.31,5.9,31,2023-04-09,0.45
1,824815,2246,1,2.0,74,Charlestown,0.03,6.0,4485,0,0,3.9,3.23,5.8,32,2024-04-08,0.42
3,1223235,2150,1,3.0,140,Allston,0.67,6.9,3102,0,0,4.05,1.93,1.5,40,2022-04-09,0.19
21,721411,539,3,3.0,42,Hyde Park,1.23,5.0,3115,0,0,4.79,3.09,0.7,37,2004-04-13,0.01
3,833706,1420,3,2.5,73,Mattapan,0.12,4.9,6757,0,0,3.39,1.33,3.4,35,2022-04-09,0.2
6,932368,1248,4,1.0,69,Mattapan,0.63,9.0,1911,0,0,4.54,1.92,5.4,21,2019-04-10,0.3
9,805982,1365,2,3.0,111,Dorchester,0.63,4.6,8354,0,0,6.27,4.52,3.5,37,2016-04-10,0.35
4,616069,1682,1,2.5,88,Roxbury,0.13,8.3,4087,0,0,2.0,4.39,3.9,51,2021-04-09,0.32
25,808226,1469,3,2.5,178,Roxbury,0.09,4.2,5619,0,0,2.0,3.15,2.8,41,2000-04-14,0.21
23,1072089,414,2,2.0,62,Roslindale,2.74,7.9,6403,0,0,6.37,3.58,3.7,20,2002-04-14,0.18
3,442045,2323,1,3.0,87,Roslindale,0.35,6.7,3632,0,0,2.3,3.74,4.9,38,2022-04-09,0.34
5,789890,1049,3,2.5,70,Roslindale,0.18,9.0,4080,0,0,3.93,4.05,4.1,37,2020-04-09,0.59
3,539963,1967,2,1.0,84,East Boston,0.13,6.5,5263,0,0,5.41,3.92,4.4,30,2022-04-09,0.48
3,1108513,3251,3,2.0,79,Charlestown,0.77,4.0,3292,0,0,4.41,1.9,1.0,41,2022-04-09,0.3
1,293043,1156,2,3.0,48,East Boston,0.66,6.7,2864,0,0,4.39,0.57,6.7,26,2024-04-08,0.03
7,582323,400,2,1.0,129,West Roxbury,0.72,7.2,3044,0,0,4.61,2.28,1.0,52,2018-04-10,0.38
5,863163,1599,3,4.0,56,Dorchester,0.06,6.8,7418,0,0,8.0,3.31,3.7,95,2020-04-09,0.31
1,1219657,2570,4,2.5,54,Beacon Hill,1.57,7.9,5795,0,0,7.17,4.65,3.3,55,2024-04-08,0.26
3,730274,3170,3,2.0,30,South End,0.35,6.2,3413,0,0,3.46,3.78,3.3,24,2022-04-09,0.36
17,583440,939,4,1.5,61,Brighton,0.26,5.1,6745,0,0,6.08,4.14,4.8,51,2008-04-12,0.03
2,1314347,2147,2,1.5,56,Hyde Park,0.43,5.5,3524,0,0,5.26,2.42,2.4,58,2023-04-09,0.35
2,315595,1474,4,3.5,21,Hyde Park,0.35,6.2,1099,0,0,4.47,3.42,2.9,45,2023-04-09,0.19
5,200000,1725,2,1.5,74,Allston,1.39,6.2,6393,1,10172,3.14,3.58,1.8,47,2020-04-09,0.24
30,882004,3651,3,2.5,174,North End,1.85,10.0,8292,0,0,5.18,2.59,5.2,35,1995-04-16,0.18
2,599383,747,3,2.0,34,Allston,0.25,8.9,6116,0,0,4.04,2.22,3.9,19,2023-04-09,0.28
8,443630,1977,4,1.0,83,Mattapan,1.4,8.0,1225,0,0,3.93,3.23,4.5,34,2017-04-10,0.47
11,962506,2127,3,1.0,73,Beacon Hill,1.06,7.7,4952,0,0,3.35,4.29,4.7,22,2014-04-11,0.12
2,823140,2560,1,2.0,119,Brighton,1.87,7.4,4450,0,0,6.0,2.41,6.5,32,2023-04-09,0.25
10,580776,1868,1,4.0,124,South Boston,0.2,7.5,5756,0,0,3.35,3.25,6.2,27,2015-04-11,0.27
4,365908,2015,4,2.0,243,Brighton,0.6,7.2,3305,1,9075,3.36,5.13,4.0,21,2021-04-09,0.13
8,1011737,1525,3,2.0,97,South End,0.22,7.1,4333,0,0,5.67,2.88,3.7,73,2017-04-10,0.45
8,945060,1988,4,1.5,51,Brighton,1.22,3.9,2159,0,0,4.28,3.51,2.7,36,2017-04-10,0.32
6,720247,1559,2,2.0,60,South End,0.0,6.4,5443,0,0,4.32,3.37,4.6,28,2019-04-10,0.34
1,1303991,2235,2,2.0,64,East Boston,0.58,6.6,2234,0,0,6.05,3.27,4.6,16,2024-04-08,0.18
13,428974,1541,1,3.0,57,Fenway,0.29,5.9,5874,0,0,6.47,5.5,2.4,56,2012-04-11,0.27
3,292342,2063,5,2.0,197,Fenway,0.27,6.2,3498,0,0,2.0,3.87,4.6,41,2022-04-09,0.29
2,542427,1779,3,2.0,121,North End,0.72,7.5,1000,0,0,4.31,1.62,5.0,103,2023-04-09,0.32
1,736324,2588,4,1.0,28,South Boston,1.33,8.2,6587,0,0,2.38,5.33,1.8,25,2024-04-08,0.45
7,823001,1764,2,4.0,110,Brighton,0.66,7.4,5988,1,3065,3.92,3.83,3.8,70,2018-04-10,0.17
8,677629,558,3,1.5,43,Roslindale,1.34,8.1,7705,0,0,4.49,3.05,3.4,34,2017-04-10,0.46
1,855616,2683,3,1.0,123,Roxbury,0.22,8.1,1000,0,0,3.97,5.12,3.5,23,2024-04-08,0.42
6,374538,1165,2,2.5,152,Roxbury,0.51,6.6,3690,0,0,2.96,2.57,2.1,29,2019-04-10,0.51
2,1183129,1342,4,2.0,74,Dorchester,0.42,7.8,5263,0,0,2.89,5.56,0.8,39,2023-04-09,0.3
8,725354,1383,4,2.0,59,Charlestown,0.01,4.4,6143,1,10132,5.59,3.61,2.4,28,2017-04-10,0.25
2,1085188,2762,4,2.0,180,Hyde Park,0.57,6.4,2074,0,0,6.8,4.71,2.2,19,2023-04-09,0.19
9,852817,400,3,2.5,55,Fenway,0.76,6.2,5862,0,0,2.0,7.18,4.0,22,2016-04-10,0.25
4,887025,3996,2,1.5,51,North End,0.63,9.3,3856,0,0,4.01,3.72,4.1,48,2021-04-09,0.32
20,920930,2539,2,3.0,46,Jamaica Plain,0.93,7.5,1289,0,0,5.6,3.38,4.0,21,2005-04-13,0.24
2,884312,1956,5,2.0,81,Dorchester,0.59,5.0,3498,0,0,4.45,2.22,1.4,26,2023-04-09,0.22
3,942816,1761,1,2.0,97,Charlestown,0.05,7.9,6028,0,0,2.83,3.36,1.8,21,2022-04-09,0.26
1,1148745,1999,3,2.0,141,North End,0.09,8.4,1373,1,3158,3.78,2.26,2.6,42,2024-04-08,0.01
19,808956,2164,3,1.5,113,Jamaica Plain,0.64,6.9,6274,0,0,4.95,3.28,3.5,134,2006-04-13,0.05
15,962701,2251,3,2.5,112,Roxbury,0.23,8.0,5566,0,0,4.04,6.97,3.0,47,2010-04-12,0.1
3,723079,2188,5,2.0,164,East Boston,0.06,3.3,4492,0,0,4.43,3.64,4.0,24,2022-04-09,0.45
8,1182035,1862,2,1.5,45,South Boston,0.39,3.0,1729,0,0,4.47,2.84,5.0,42,2017-04-10,0.43
12,547082,1661,2,2.0,33,Beacon Hill,0.57,5.2,1890,0,0,3.71,3.25,2.0,25,2013-04-11,0.08
6,1290282,1694,1,4.0,116,Roxbury,0.28,7.2,4203,0,0,5.72,3.01,2.1,40,2019-04-10,0.33
6,737952,1663,3,2.0,78,Beacon Hill,0.89,9.3,2750,0,0,3.78,4.76,3.7,78,2019-04-10,0.54
2,320767,2593,2,3.5,141,Beacon Hill,0.72,5.3,4332,0,0,2.99,3.39,3.4,35,2023-04-09,0.27
1,788431,2215,2,1.5,83,North End,0.28,5.7,6812,0,0,7.84,5.43,4.6,43,2024-04-08,0.35
16,545684,400,4,1.0,58,Mattapan,0.98,7.1,4453,0,0,4.38,3.12,3.5,36,2009-04-12,0.03
17,1002193,2259,4,1.5,117,South End,0.73,6.3,4399,1,14589,2.0,3.2,6.1,59,2008-04-12,0.01
8,554212,1936,2,2.0,89,Dorchester,0.71,6.2,4400,0,0,6.38,2.42,1.1,52,2017-04-10,0.34
3,616144,1786,3,1.5,83,South Boston,0.56,6.4,7026,0,0,6.38,3.04,4.8,30,2022-04-09,0.22
4,200000,1528,4,1.0,268,Roslindale,0.01,9.0,7586,0,0,5.19,1.42,3.8,52,2021-04-09,0.28
10,614308,2586,1,3.5,158,Mattapan,0.83,8.7,5843,0,0,5.45,0.94,1.4,40,2015-04-11,0.3
16,200000,2463,1,3.0,125,Charlestown,0.33,7.0,5273,0,0,7.74,4.25,0.5,29,2009-04-12,0.12
16,274829,1258,2,2.5,90,Beacon Hill,2.0,9.5,5459,0,0,3.06,1.41,1.8,29,2009-04-12,0.01
11,978124,2084,3,1.5,86,Beacon Hill,1.19,7.8,7855,1,17674,4.7,3.99,5.3,39,2014-04-11,0.03
8,985740,1119,2,1.0,71,West Roxbury,0.62,8.7,5952,0,0,7.45,2.9,5.1,43,2017-04-10,0.29
1,877637,834,5,1.0,95,South End,0.2,5.7,8044,1,7367,7.77,4.63,3.3,33,2024-04-08,0.01
2,459907,1361,3,2.5,63,Roslindale,0.16,6.0,4161,0,0,3.95,1.43,3.0,44,2023-04-09,0.3
17,735686,2403,3,3.5,39,Charlestown,0.29,6.0,2328,0,0,7.52,4.22,2.2,24,2008-04-12,0.01
7,748919,2467,2,2.0,82,South End,0.45,6.9,3661,0,0,5.7,3.9,3.2,20,2018-04-10,0.55
1,402490,2159,3,1.0,100,North End,0.25,7.1,3874,0,0,6.74,3.94,2.8,17,2024-04-08,0.39
1,1201019,2307,3,2.0,141,East Boston,0.51,7.5,8209,0,0,5.65,4.85,6.1,48,2024-04-08,0.35
8,1013208,2161,4,1.5,52,Jamaica Plain,0.13,10.0,6472,0,0,4.96,3.58,1.6,16,2017-04-10,0.33
1,683710,1350,4,2.0,86,Beacon Hill,2.66,8.1,3725,0,0,7.81,0.56,4.1,43,2024-04-08,0.13
2,758065,2102,3,2.0,113,Allston,0.08,6.2,6616,0,0,3.71,4.04,6.1,28,2023-04-09,0.29
6,812514,2360,4,2.5,111,Dorchester,1.88,7.0,4740,0,0,7.35,3.88,4.7,30,2019-04-10,0.39
9,200000,2328,4,1.0,192,East Boston,1.71,9.3,8269,0,0,7.59,3.21,1.8,31,2016-04-10,0.28
8,675846,2632,4,1.0,71,Dorchester,0.52,8.2,4332,0,0,6.54,2.49,1.2,120,2017-04-10,0.26
2,545404,2295,1,4.0,49,Dorchester,0.9,9.2,1922,0,0,4.39,3.07,3.9,26,2023-04-09,0.29
9,449513,2046,1,1.5,89,North End,0.4,6.3,4626,0,0,4.87,5.25,3.7,22,2016-04-10,0.3
2,665669,2549,2,1.0,73,Dorchester,0.7,5.9,4333,0,0,2.59,2.4,5.3,92,2023-04-09,0.34
3,1289305,1781,3,1.5,66,Roxbury,0.29,6.0,2313,0,0,3.82,1.41,4.3,17,2022-04-09,0.39
10,942252,1182,3,1.0,61,West Roxbury,0.25,6.4,6171,0,0,5.43,1.74,2.8,19,2015-04-11,0.39
8,578646,1685,3,2.0,100,Beacon Hill,0.6,5.4,7849,1,24334,2.36,3.46,2.7,57,2017-04-10,0.05
14,921774,1278,4,3.0,56,Fenway,0.48,7.4,2755,1,19869,4.05,5.51,1.5,44,2011-04-12,0.01
8,1169806,1327,4,1.5,125,Jamaica Plain,0.61,7.5,6945,1,10256,7.42,6.15,3.7,29,2017-04-10,0.09
6,1027390,1698,4,2.0,122,Brighton,0.24,9.0,3786,0,0,4.27,4.28,1.4,21,2019-04-10,0.31
1,767889,1245,2,2.5,105,Allston,0.32,4.4,4950,0,0,6.05,2.32,4.9,13,2024-04-08,0.18
4,555918,1584,3,2.0,45,South Boston,0.06,5.6,4740,0,0,5.35,2.45,4.4,81,2021-04-09,0.46
3,959466,474,2,3.0,97,East Boston,0.04,8.2,4950,0,0,4.04,4.55,4.3,52,2022-04-09,0.29
2,868045,1949,2,3.0,146,Dorchester,0.2,7.3,5946,1,6766,4.27,5.1,1.5,76,2023-04-09,0.26
26,1018557,1800,2,1.0,130,West Roxbury,0.05,7.1,2951,0,0,4.75,2.73,3.3,63,1999-04-15,0.1
4,940551,1228,2,2.5,120,North End,0.08,8.9,7586,0,0,2.0,5.21,2.9,46,2021-04-09,0.33
16,1064865,2261,3,2.0,85,Hyde Park,1.17,5.5,6007,0,0,5.92,3.22,3.7,26,2009-04-12,0.16
7,589429,2456,4,4.0,83,Allston,0.03,5.9,6671,0,0,4.32,4.36,4.3,21,2018-04-10,0.43
12,1145218,674,2,2.0,159,Dorchester,0.75,5.7,3439,0,0,5.97,4.87,2.7,67,2013-04-11,0.12
5,809279,1266,3,4.0,99,East Boston,0.22,4.0,2770,0,0,5.08,1.72,2.8,28,2020-04-09,0.58
7,1372578,1261,3,2.5,100,Brighton,1.44,7.2,7365,1,16627,4.26,4.04,4.5,21,2018-04-10,0.21
5,543243,1142,2,1.5,310,Roslindale,0.46,6.2,2684,1,24639,4.8,5.21,1.8,25,2020-04-09,0.23
2,1270789,2380,3,2.0,70,Back Bay,0.26,5.9,5298,0,0,4.8,2.83,2.4,69,2023-04-09,0.21
9,809373,1664,2,4.0,20,Hyde Park,0.51,5.6,7037,0,0,6.71,2.23,3.5,22,2016-04-10,0.42
3,554574,1614,3,3.0,76,Back Bay,0.34,7.0,4746,0,0,4.59,4.09,4.8,29,2022-04-09,0.39
1,604834,400,3,1.0,79,Fenway,0.58,5.8,7340,0,0,4.93,3.66,2.0,34,2024-04-08,0.31
8,653895,2244,2,2.5,98,Hyde Park,0.09,7.3,4456,1,10866,2.61,3.11,6.2,40,2017-04-10,0.11
2,877249,932,2,1.5,111,North End,4.06,7.7,2445,0,0,4.43,3.5,1.5,21,2023-04-09,0.41
20,906850,1841,3,1.0,22,Back Bay,0.39,6.6,5748,0,0,6.68,1.5,5.8,33,2005-04-13,0.07
22,577889,1994,4,2.0,112,Jamaica Plain,0.3,6.5,5396,0,0,5.14,3.99,5.3,58,2003-04-14,0.01
18,742693,2752,2,1.5,82,East Boston,0.87,7.3,10375,0,0,2.88,5.41,1.4,104,2007-04-13,0.01
4,1392681,883,3,3.0,72,East Boston,0.32,7.0,3109,0,0,3.04,2.64,1.1,20,2021-04-09,0.44
1,1268262,400,3,1.5,29,Charlestown,1.25,9.0,4496,0,0,3.39,2.51,4.6,21,2024-04-08,0.07
19,880897,1928,4,3.0,177,Back Bay,0.42,7.5,3538,0,0,6.0,3.71,2.9,23,2006-04-13,0.05
4,761401,3060,4,1.0,66,Allston,0.89,8.6,4715,0,0,5.81,6.92,2.0,50,2021-04-09,0.34
24,786009,2667,3,1.5,121,Jamaica Plain,0.08,7.9,4634,0,0,2.0,4.82,6.2,20,2001-04-14,0.13
24,934055,1946,3,1.5,51,South End,1.31,5.0,3255,0,0,4.38,3.39,1.7,32,2001-04-14,0.01
14,443162,1455,4,1.5,101,Fenway,0.93,6.2,5936,0,0,4.72,3.55,2.4,31,2011-04-12,0.23
3,672787,2364,3,1.0,73,Brighton,0.17,6.9,4571,0,0,3.06,4.94,2.6,109,2022-04-09,0.3
4,249424,1118,2,1.5,119,South End,0.11,8.3,7690,0,0,3.91,2.41,0.5,26,2021-04-09,0.46
14,869766,2133,1,2.0,72,South End,0.27,9.9,3702,0,0,6.5,4.23,3.6,25,2011-04-12,0.33
3,944158,2153,4,1.5,50,Hyde Park,2.61,6.3,8722,0,0,5.11,2.16,2.1,50,2022-04-09,0.21
2,605044,2542,4,2.0,84,Fenway,0.21,7.1,5551,1,5618,3.75,4.61,4.7,42,2023-04-09,0.11
6,1222196,3731,2,2.0,81,Roxbury,0.43,8.2,7542,0,0,4.22,3.15,4.9,24,2019-04-10,0.66
20,382270,2074,3,3.0,97,Beacon Hill,0.02,6.9,5230,0,0,4.16,3.74,3.8,72,2005-04-13,0.01
9,310687,1443,3,3.5,139,Brighton,0.35,9.5,3438,0,0,4.92,3.07,3.9,17,2016-04-10,0.34
6,817335,1782,2,2.0,43,Roslindale,0.59,5.0,4472,0,0,2.36,4.34,3.7,34,2019-04-10,0.48
1,1064129,561,5,1.5,135,Mattapan,2.14,8.0,2226,0,0,3.5,3.29,2.4,30,2024-04-08,0.27
7,1255178,1313,2,1.0,39,Roslindale,0.51,8.0,4776,1,13599,6.05,6.09,2.6,33,2018-04-10,0.04
33,612334,1513,1,4.0,117,Beacon Hill,1.2,8.7,5344,0,0,4.39,5.2,5.5,24,1992-04-16,0.36
2,1073604,1433,3,1.0,119,South Boston,0.55,7.1,5091,0,0,3.23,1.93,4.6,33,2023-04-09,0.07
6,738447,1906,3,1.5,64,Beacon Hill,0.03,8.3,7660,0,0,3.29,3.73,3.8,39,2019-04-10,0.35
15,698211,1224,1,1.5,53,Back Bay,0.26,6.6,4701,0,0,5.58,4.38,4.4,12,2010-04-12,0.21
10,1015097,2584,3,1.5,51,Beacon Hill,0.6,5.8,1212,0,0,3.72,2.95,3.4,27,2015-04-11,0.26
9,945696,1800,3,1.5,88,Roxbury,2.11,5.6,12088,0,0,5.27,4.95,3.8,23,2016-04-10,0.26
9,277082,1793,2,2.5,123,Beacon Hill,1.37,4.8,3618,0,0,3.56,4.81,4.4,89,2016-04-10,0.43
4,1192962,1570,2,1.0,78,Hyde Park,0.18,6.3,6937,0,0,2.81,3.4,0.5,45,2021-04-09,0.29
3,1164027,1908,3,2.0,18,Dorchester,0.17,7.5,1991,0,0,4.87,4.68,4.9,22,2022-04-09,0.22
12,562331,2377,2,1.0,61,Hyde Park,0.16,6.7,5490,0,0,4.35,0.61,4.8,26,2013-04-11,0.2
12,868741,1193,4,1.0,60,Dorchester,1.79,7.3,3410,0,0,5.53,5.13,2.3,30,2013-04-11,0.21
15,898209,1339,4,3.5,110,Roslindale,1.34,8.9,1000,0,0,5.83,4.56,5.4,26,2010-04-12,0.01
18,828202,1587,5,1.5,113,Roxbury,1.04,6.2,4434,0,0,3.96,2.19,0.5,47,2007-04-13,0.09
6,584908,857,2,3.0,92,South End,0.35,10.0,4899,0,0,5.02,3.8,4.0,80,2019-04-10,0.44
5,548512,1226,5,2.0,135,Roxbury,0.49,8.1,4562,0,0,3.92,1.07,3.6,10,2020-04-09,0.34
12,742333,1466,3,1.0,141,Mattapan,0.44,6.7,5486,0,0,5.45,2.58,3.0,29,2013-04-11,0.15
8,1101818,2412,2,4.0,63,South End,0.2,6.7,4460,0,0,4.85,4.81,3.5,103,2017-04-10,0.42
9,913080,1983,1,1.5,50,Mattapan,0.49,5.5,5138,0,0,3.56,3.48,4.4,30,2016-04-10,0.45
12,638815,1935,1,3.0,81,Back Bay,0.02,7.0,5340,0,0,3.44,3.42,0.8,40,2013-04-11,0.18
16,981509,2395,3,1.5,92,Allston,0.1,3.8,4929,0,0,4.9,3.55,5.0,12,2009-04-12,0.12
3,200000,1703,3,3.0,62,Dorchester,1.52,8.9,4658,0,0,6.24,3.41,2.9,71,2022-04-09,0.4
4,1094629,2073,2,1.0,350,Mattapan,0.98,2.8,3212,0,0,5.85,4.68,5.0,19,2021-04-09,0.47
1,228085,1727,3,2.0,171,South End,0.38,7.1,6188,0,0,3.09,2.76,4.5,44,2024-04-08,0.22
7,641267,1985,2,2.5,58,Charlestown,0.51,5.3,4434,0,0,3.24,4.0,2.9,21,2018-04-10,0.32
1,414099,1392,3,3.5,44,Mattapan,0.32,5.9,4272,0,0,3.46,2.13,3.4,11,2024-04-08,0.19
5,361595,400,3,3.5,56,Allston,0.95,6.1,6024,0,0,3.61,4.39,3.5,42,2020-04-09,0.41
6,1098248,1706,4,3.0,142,South Boston,1.07,9.9,5423,0,0,2.0,3.11,5.9,52,2019-04-10,0.57
3,609689,2795,4,3.0,144,North End,1.01,5.3,3603,0,0,5.69,3.45,1.8,34,2022-04-09,0.31
7,853951,2448,3,1.5,172,Dorchester,0.9,8.4,7501,0,0,3.82,3.07,2.8,18,2018-04-10,0.47
1,735923,2475,3,1.5,50,Back Bay,0.16,8.7,2621,0,0,5.19,3.22,1.1,115,2024-04-08,0.23
1,893112,2665,3,1.5,110,South Boston,0.29,3.5,2937,0,0,4.03,2.29,3.7,51,2024-04-08,0.24
13,773046,1862,4,2.0,52,East Boston,0.44,6.1,6336,0,0,4.47,3.9,2.6,38,2012-04-11,0.31
4,365102,1938,2,2.0,192,West Roxbury,0.28,9.2,8502,0,0,3.47,4.17,2.7,65,2021-04-09,0.45
1,1048880,1367,2,2.0,51,Jamaica Plain,0.98,5.0,3845,0,0,4.46,1.9,5.7,26,2024-04-08,0.11
6,601873,1578,1,1.5,38,South Boston,0.28,8.8,5825,0,0,3.19,2.78,2.3,94,2019-04-10,0.34
11,283025,2231,3,2.5,43,South End,0.1,7.0,2615,1,8378,4.47,3.54,3.3,52,2014-04-11,0.18
2,621565,2642,3,1.5,84,Brighton,0.36,6.9,3142,0,0,6.69,2.78,2.8,61,2023-04-09,0.31
7,1200227,1702,4,1.5,122,Dorchester,2.74,7.1,7264,0,0,5.28,3.23,2.9,29,2018-04-10,0.27
1,1005066,1484,2,2.0,118,South End,0.18,7.5,5731,0,0,4.94,5.44,7.7,19,2024-04-08,0.16
1,645404,1800,3,2.5,44,Beacon Hill,0.66,5.6,7326,0,0,2.52,2.28,0.9,39,2024-04-08,0.3
6,645222,2220,4,2.5,68,West Roxbury,0.4,6.6,7172,0,0,5.35,0.73,4.5,27,2019-04-10,0.47
6,653509,789,4,2.0,63,Mattapan,0.05,7.6,1000,0,0,5.5,2.78,7.1,101,2019-04-10,0.39
8,1373024,400,3,1.5,40,South Boston,0.47,7.3,2608,0,0,4.9,3.11,5.1,17,2017-04-10,0.62
10,864580,1414,3,2.0,62,Dorchester,0.85,7.5,5548,0,0,4.82,2.91,3.6,75,2015-04-11,0.35
27,879012,945,2,1.0,169,Roslindale,0.5,5.9,1605,0,0,4.29,3.82,1.7,15,1998-04-15,0.11
6,1059085,1444,4,2.0,37,West Roxbury,1.44,7.9,2891,0,0,5.47,2.27,5.5,21,2019-04-10,0.31
3,821636,1696,2,2.0,95,South End,0.24,7.2,7853,0,0,6.6,2.09,4.9,15,2022-04-09,0.21
12,672287,1482,4,1.0,171,Beacon Hill,0.06,4.6,3916,0,0,5.0,2.69,1.2,26,2013-04-11,0.24
3,691095,2816,3,1.5,166,Brighton,1.93,6.2,6420,1,3680,3.04,2.72,3.0,31,2022-04-09,0.07
5,728519,2028,3,4.0,197,Roxbury,0.33,5.7,4943,0,0,3.16,6.05,1.7,24,2020-04-09,0.58
1,738833,2010,1,4.0,100,Mattapan,0.6,5.6,3640,0,0,5.59,5.36,0.5,44,2024-04-08,0.42
1,968288,2235,3,2.0,108,Mattapan,1.1,6.3,1671,0,0,3.05,1.5,1.7,31,2024-04-08,0.32
24,765583,1002,3,1.0,62,South Boston,0.27,7.9,5466,0,0,4.8,1.18,3.7,13,2001-04-14,0.01
13,969792,2527,2,1.5,36,Brighton,0.88,6.1,7909,0,0,3.98,3.4,4.4,21,2012-04-11,0.07
9,725785,1746,3,2.0,78,Roxbury,0.1,7.3,3696,0,0,2.89,5.79,3.0,29,2016-04-10,0.48
4,773590,2269,5,3.5,151,South End,0.24,7.1,5137,1,6059,5.75,4.3,5.6,63,2021-04-09,0.11
2,200000,1049,3,1.0,18,Charlestown,0.11,5.8,1960,0,0,5.56,3.46,5.0,37,2023-04-09,0.41
2,1024898,712,3,2.5,64,South End,1.17,6.5,3655,0,0,2.47,2.95,3.3,27,2023-04-09,0.34
3,853946,2372,1,1.0,114,Beacon Hill,0.18,8.3,5681,0,0,5.22,4.79,3.1,16,2022-04-09,0.34
6,1049403,2063,3,4.0,85,Roxbury,0.88,7.2,6487,0,0,5.0,3.71,4.1,38,2019-04-10,0.32
9,200000,1168,2,2.0,161,East Boston,2.01,7.8,6111,0,0,5.76,5.58,3.5,72,2016-04-10,0.31
8,1376512,1191,3,2.5,143,Beacon Hill,0.53,8.9,1000,0,0,4.75,1.47,1.4,29,2017-04-10,0.4
3,708123,2587,4,1.5,34,Allston,0.54,7.7,4086,0,0,6.64,4.01,3.1,22,2022-04-09,0.46
22,1082454,967,3,2.0,89,Fenway,0.43,4.1,3065,0,0,4.31,2.82,4.5,48,2003-04-14,0.01
10,438028,2949,1,1.5,54,Fenway,0.28,7.4,4381,0,0,4.09,4.0,5.5,64,2015-04-11,0.27
6,933832,1169,3,1.0,53,Fenway,0.45,6.1,4777,0,0,3.04,3.8,4.9,32,2019-04-10,0.41
7,433975,2246,3,3.5,35,South End,0.65,9.7,7132,0,0,3.1,4.11,4.0,51,2018-04-10,0.45
4,562869,1569,3,3.5,97,Roxbury,2.99,7.6,5590,0,0,2.96,4.67,5.7,28,2021-04-09,0.27
2,1324209,2222,4,3.0,163,Dorchester,1.94,6.1,7835,0,0,4.83,5.17,4.1,52,2023-04-09,0.15
4,692795,1419,4,2.0,102,Mattapan,1.39,7.8,3600,0,0,4.1,5.84,3.4,74,2021-04-09,0.45
10,815229,1686,3,3.0,34,Dorchester,1.54,7.1,2165,0,0,5.0,3.52,5.7,57,2015-04-11,0.15
1,1011020,1828,3,1.0,82,Dorchester,0.44,4.4,7910,0,0,2.69,2.85,4.6,47,2024-04-08,0.35
1,898704,1098,2,1.5,112,Dorchester,0.75,8.3,5866,1,17613,3.22,2.03,5.5,88,2024-04-08,0.01
1,795125,2318,2,1.5,79,Allston,1.58,6.4,3513,1,7685,3.19,4.02,1.7,30,2024-04-08,0.01
1,859488,1440,3,2.0,101,Roslindale,0.35,9.1,5875,0,0,7.75,4.5,2.2,47,2024-04-08,0.2
14,1471024,1639,3,2.0,56,Fenway,2.28,6.8,6670,1,5411,4.25,1.88,2.3,31,2011-04-12,0.01
9,732714,1103,3,1.0,73,Allston,0.38,9.2,5238,0,0,4.4,4.87,3.8,47,2016-04-10,0.28
5,810329,400,3,2.0,71,Hyde Park,0.64,7.6,3541,0,0,4.38,3.38,6.2,51,2020-04-09,0.4
1,1065196,1666,1,3.0,179,South End,0.87,8.5,4117,0,0,6.83,1.99,1.8,59,2024-04-08,0.32
5,1081657,3488,3,2.0,45,Jamaica Plain,2.11,6.3,5581,0,0,2.08,2.48,4.9,36,2020-04-09,0.34
5,1106109,2349,2,1.0,20,Mattapan,0.2,7.5,5397,0,0,4.41,2.37,1.7,14,2020-04-09,0.3
2,941619,1786,2,1.5,173,North End,0.96,4.4,7424,0,0,2.07,2.39,6.7,31,2023-04-09,0.23
4,407098,1615,4,1.5,90,Dorchester,0.51,6.8,4448,0,0,2.0,4.18,1.1,50,2021-04-09,0.53
4,1240029,1815,1,1.5,39,Beacon Hill,0.22,4.8,3072,0,0,3.4,4.54,4.6,42,2021-04-09,0.55
7,406096,2182,3,2.0,136,South End,1.05,5.3,10154,0,0,5.12,5.54,4.8,45,2018-04-10,0.18
8,840790,973,2,2.0,115,Allston,0.56,5.7,5348,0,0,3.3,2.66,4.4,53,2017-04-10,0.46
1,523717,2580,4,2.5,194,South Boston,0.76,8.0,6668,0,0,5.09,3.91,2.2,19,2024-04-08,0.28
4,730758,2300,3,2.0,94,West Roxbury,0.27,6.8,6043,0,0,4.66,2.72,1.9,55,2021-04-09,0.45
7,848628,2302,2,3.0,268,Mattapan,0.46,7.0,5373,1,20536,4.29,3.52,5.4,91,2018-04-10,0.13
5,846407,2106,3,1.5,79,Beacon Hill,0.67,6.7,4544,0,0,6.4,1.72,5.1,29,2020-04-09,0.2
14,876576,1813,3,2.0,116,Roslindale,0.36,8.6,1000,0,0,3.61,2.15,5.1,60,2011-04-12,0.16
8,1234113,2271,5,3.0,125,Roxbury,0.15,7.0,2873,0,0,5.07,4.46,5.2,37,2017-04-10,0.28
2,886060,2214,2,1.5,354,Roslindale,2.28,7.4,5658,0,0,2.0,1.72,1.2,44,2023-04-09,0.14
1,676753,1552,4,1.0,65,Hyde Park,0.5,6.1,1000,0,0,4.65,4.24,1.2,57,2024-04-08,0.14
8,1039226,1398,4,3.0,64,Brighton,0.93,8.7,5143,1,17255,4.11,2.69,2.5,42,2017-04-10,0.23
1,1106841,1871,4,1.5,126,North End,0.37,8.8,6322,0,0,2.73,1.19,2.8,28,2024-04-08,0.24
7,381717,2884,3,2.5,37,Back Bay,0.31,6.9,6666,0,0,5.1,0.5,2.6,43,2018-04-10,0.46
20,929220,932,3,1.0,54,South End,0.37,6.1,6196,0,0,3.39,5.26,3.9,22,2005-04-13,0.07
6,960351,772,3,2.5,78,Jamaica Plain,0.37,4.6,6916,0,0,7.1,1.21,5.2,16,2019-04-10,0.33
4,660730,1915,4,1.5,191,Allston,0.55,5.7,8211,0,0,2.0,3.42,3.1,77,2021-04-09,0.36
8,1162712,1835,3,1.0,126,Back Bay,0.55,3.7,7192,0,0,4.87,3.92,2.3,46,2017-04-10,0.33
5,704983,1921,3,2.0,88,Jamaica Plain,0.48,5.6,5393,0,0,4.56,1.92,4.7,52,2020-04-09,0.34
6,787672,1970,3,1.5,62,Back Bay,0.1,7.5,4730,0,0,4.08,2.84,3.1,40,2019-04-10,0.3
20,698078,1643,3,2.0,232,South Boston,0.48,6.9,5229,0,0,3.71,4.07,3.7,15,2005-04-13,0.05
4,754673,2842,4,1.0,82,Hyde Park,0.13,10.0,4449,0,0,4.6,3.85,3.0,73,2021-04-09,0.49
23,421117,679,2,1.0,54,South Boston,0.09,6.4,7235,0,0,6.09,2.95,4.0,28,2002-04-14,0.01
17,317984,1220,4,1.5,256,Dorchester,1.89,6.3,6144,0,0,2.0,3.78,2.0,31,2008-04-12,0.17
2,1228351,1727,3,1.0,38,East Boston,0.65,8.6,4237,1,6263,3.29,3.38,4.6,68,2023-04-09,0.1
1,495911,649,4,3.5,166,Back Bay,0.75,4.1,7648,0,0,2.92,2.34,3.5,21,2024-04-08,0.24
1,452582,1676,3,1.0,85,Brighton,0.36,4.8,4416,0,0,2.85,4.94,2.4,29,2024-04-08,0.1
1,200000,2963,3,2.0,126,Roslindale,1.68,8.0,3108,0,0,5.01,3.75,4.3,28,2024-04-08,0.07
1,558311,1814,4,1.0,114,Dorchester,0.71,6.7,4978,0,0,5.38,1.29,2.4,21,2024-04-08,0.26
9,353073,1961,2,1.5,125,Allston,1.03,6.7,3351,0,0,6.1,4.13,2.4,37,2016-04-10,0.44
1,1242604,917,4,3.5,268,Roslindale,0.32,5.6,6872,0,0,5.41,2.76,1.7,23,2024-04-08,0.17
3,1052945,1368,3,1.5,246,Fenway,2.25,7.4,3309,0,0,5.53,3.15,0.9,75,2022-04-09,0.52
14,543554,1537,3,4.0,55,Roslindale,1.2,5.8,4769,0,0,2.38,3.51,4.3,16,2011-04-12,0.19
1,1425730,1577,2,1.5,112,Mattapan,1.35,7.1,6879,0,0,6.73,2.55,5.2,18,2024-04-08,0.13
12,1044529,2697,3,2.5,27,Jamaica Plain,0.13,5.3,3575,1,28282,4.19,5.66,2.8,29,2013-04-11,0.02
3,652550,2190,2,2.0,132,Charlestown,0.22,6.7,5822,0,0,6.05,1.71,2.3,35,2022-04-09,0.57
1,200000,1021,1,3.0,149,Mattapan,0.24,10.0,3053,0,0,2.44,3.57,0.8,24,2024-04-08,0.15
9,1437282,1972,2,2.0,20,South Boston,0.22,6.4,5488,0,0,4.14,3.96,0.5,54,2016-04-10,0.4
7,333128,2148,1,2.0,83,Allston,1.35,6.8,6134,0,0,5.91,3.55,4.6,32,2018-04-10,0.35
15,256380,2598,5,1.5,126,North End,0.02,6.7,4915,0,0,4.54,3.27,0.5,47,2010-04-12,0.16
10,1056771,2906,5,1.5,103,Back Bay,0.06,7.3,5067,0,0,3.37,3.05,1.8,72,2015-04-11,0.43
12,1481925,1089,3,3.5,38,Fenway,0.22,7.7,5887,0,0,6.46,2.54,3.9,87,2013-04-11,0.13
3,1165281,1232,3,1.5,41,Charlestown,0.16,7.4,4438,0,0,2.74,2.51,3.6,30,2022-04-09,0.43
2,919172,919,2,2.0,78,Dorchester,0.18,7.4,6779,0,0,4.47,4.89,4.0,37,2023-04-09,0.5
10,928426,1636,3,2.5,65,Fenway,1.12,6.7,7742,1,7979,5.46,2.97,3.5,41,2015-04-11,0.07
12,1006024,2126,4,1.5,69,West Roxbury,0.58,7.2,3148,0,0,7.64,6.06,3.0,30,2013-04-11,0.29
33,977678,2491,4,4.0,35,Roslindale,0.0,6.7,8534,0,0,3.81,4.3,1.8,20,1992-04-16,0.2
4,834357,1746,3,2.5,86,Back Bay,0.39,4.3,4393,0,0,4.09,0.5,2.5,62,2021-04-09,0.37
4,781260,1576,4,2.0,192,Beacon Hill,0.37,10.0,8988,1,10903,3.83,4.56,3.1,20,2021-04-09,0.15
11,731222,1906,2,3.0,40,Brighton,0.08,8.1,4420,0,0,4.86,3.44,0.7,66,2014-04-11,0.34
3,523810,1215,5,1.0,74,Dorchester,0.79,5.5,6414,0,0,5.38,1.83,2.3,45,2022-04-09,0.44
19,665797,3262,1,1.5,118,Brighton,0.85,7.3,6404,0,0,6.14,5.07,2.9,41,2006-04-13,0.01
14,242112,674,3,2.0,30,Mattapan,0.89,5.0,4225,0,0,5.63,2.98,2.5,23,2011-04-12,0.28
4,720498,1929,3,1.5,87,Fenway,0.91,6.3,5145,0,0,3.75,2.87,3.0,13,2021-04-09,0.52
10,453422,3216,3,2.5,147,East Boston,0.0,4.8,7879,1,8987,5.72,3.95,4.5,61,2015-04-11,0.16
10,418923,1804,2,3.5,45,Roslindale,2.15,6.9,4355,0,0,4.64,4.87,4.7,23,2015-04-11,0.25
1,803968,1666,4,2.0,91,Mattapan,1.18,4.6,4164,0,0,5.62,3.64,5.8,47,2024-04-08,0.19
17,1167600,1549,2,1.5,141,Mattapan,1.64,7.6,2693,0,0,5.7,3.55,1.2,48,2008-04-12,0.01
5,1025494,1673,3,4.0,261,Hyde Park,0.01,8.0,8135,0,0,6.95,2.66,2.9,35,2020-04-09,0.47
13,278849,2760,2,2.0,89,East Boston,1.9,5.8,4038,0,0,3.97,4.85,5.3,41,2012-04-11,0.04
3,453111,400,2,2.0,54,Dorchester,1.16,7.2,7399,1,4212,3.68,3.65,0.9,45,2022-04-09,0.21
16,1032231,2873,3,2.0,24,Beacon Hill,1.27,5.7,3797,0,0,5.17,3.23,1.7,39,2009-04-12,0.01
4,455253,803,3,3.5,55,Brighton,0.07,7.8,7337,1,7499,6.27,3.08,2.6,22,2021-04-09,0.25
1,682610,1613,2,2.0,34,Charlestown,0.94,6.0,6613,0,0,4.59,4.73,6.6,16,2024-04-08,0.24
17,915015,1499,2,2.5,200,North End,2.25,8.2,4543,0,0,6.37,3.19,2.0,24,2008-04-12,0.19
1,459496,2211,3,3.0,136,Hyde Park,0.79,4.3,3531,0,0,5.54,4.74,5.1,28,2024-04-08,0.37
3,781612,681,4,1.5,41,Back Bay,0.59,5.5,3693,0,0,4.2,2.93,3.5,74,2022-04-09,0.47
21,349792,2123,4,2.0,53,North End,2.04,5.3,3668,0,0,5.35,4.37,1.8,18,2004-04-13,0.18
22,569589,3217,1,3.0,88,Dorchester,0.41,7.3,7130,0,0,3.85,3.75,7.7,81,2003-04-14,0.01
6,845934,845,3,2.0,146,Hyde Park,0.64,7.8,5320,0,0,4.86,2.36,3.8,96,2019-04-10,0.26
7,272101,1932,2,2.5,112,Allston,0.45,7.4,2769,0,0,2.89,3.4,4.1,25,2018-04-10,0.3
5,882142,1336,1,3.5,106,Hyde Park,1.89,6.2,4495,0,0,4.4,0.87,4.3,94,2020-04-09,0.17
3,744108,2098,3,2.0,95,Brighton,0.06,2.8,4737,0,0,6.0,2.61,4.2,33,2022-04-09,0.21
3,915746,1813,3,2.5,43,Fenway,0.49,7.1,1000,0,0,5.65,1.61,6.7,30,2022-04-09,0.33
8,817174,1350,2,3.0,89,South End,0.81,8.2,4606,0,0,5.43,5.9,6.2,74,2017-04-10,0.31
10,1159242,2141,2,3.0,83,North End,1.1,10.0,6446,0,0,4.93,1.62,2.1,40,2015-04-11,0.26
11,787567,3063,1,2.0,34,Roslindale,0.61,6.4,4724,0,0,4.74,6.6,6.5,37,2014-04-11,0.29
11,621178,1666,4,1.0,198,Beacon Hill,1.68,6.0,5508,0,0,2.6,4.12,2.4,24,2014-04-11,0.23
1,786689,2303,5,2.0,59,Charlestown,1.99,7.5,5969,0,0,4.19,2.88,4.0,25,2024-04-08,0.11
5,912989,894,2,2.5,34,Hyde Park,0.05,6.6,4314,0,0,4.77,4.47,1.3,37,2020-04-09,0.41
1,764658,1130,2,2.0,65,Fenway,0.36,8.9,6461,0,0,2.81,2.73,5.1,74,2024-04-08,0.12
6,762177,2130,4,2.5,73,North End,0.02,5.8,7914,0,0,2.0,1.81,3.0,19,2019-04-10,0.36
5,539402,2838,4,2.0,81,Fenway,0.28,6.6,1952,0,0,6.19,3.59,1.8,33,2020-04-09,0.55
16,551129,2048,3,2.0,72,Fenway,0.54,8.3,4310,0,0,4.58,4.34,5.3,17,2009-04-12,0.04
4,329218,1580,1,1.5,84,Fenway,1.69,7.5,9659,1,8274,4.81,5.03,5.7,24,2021-04-09,0.34
1,1274873,1799,1,2.5,92,North End,1.31,8.7,5341,0,0,5.33,4.1,5.7,51,2024-04-08,0.38
2,376841,924,3,2.0,89,North End,0.1,6.3,4930,0,0,3.03,2.86,1.2,21,2023-04-09,0.24
11,542128,2223,3,1.5,105,South End,0.07,8.9,4483,0,0,3.89,5.16,5.9,64,2014-04-11,0.13
7,534477,2417,1,1.5,109,Back Bay,0.62,4.5,7548,0,0,6.76,4.9,3.0,21,2018-04-10,0.39
1,1018477,1483,3,2.5,110,Mattapan,0.53,4.6,3122,0,0,3.77,3.82,6.6,26,2024-04-08,0.37
1,661515,1470,1,2.0,126,Jamaica Plain,0.22,8.9,6852,0,0,4.1,4.95,4.4,14,2024-04-08,0.19
9,1124322,1986,4,1.5,55,Roslindale,1.61,7.0,4446,1,1358,3.5,6.12,3.9,64,2016-04-10,0.23
1,547952,1494,2,4.0,56,Jamaica Plain,1.84,8.4,3500,0,0,3.39,2.85,3.5,58,2024-04-08,0.36
13,833698,1753,1,2.5,147,Brighton,0.36,7.1,4537,0,0,6.16,2.42,3.5,17,2012-04-11,0.06
9,499395,3269,3,4.0,66,Jamaica Plain,1.55,7.0,4907,0,0,2.0,2.81,2.5,30,2016-04-10,0.27
1,1393544,1627,3,2.0,79,East Boston,0.34,5.0,4004,0,0,3.81,1.88,1.9,28,2024-04-08,0.33
1,393720,1549,5,2.0,75,Mattapan,0.93,7.0,7225,0,0,4.84,4.21,3.0,27,2024-04-08,0.26
31,842946,1346,3,3.0,256,East Boston,0.45,9.0,3515,0,0,7.05,1.57,5.3,97,1994-04-16,0.17
4,940133,2320,2,2.0,50,Dorchester,0.09,7.1,5280,0,0,2.8,5.02,1.4,27,2021-04-09,0.35
4,874139,1673,3,2.5,49,Brighton,1.84,8.0,6074,0,0,2.54,2.69,5.5,22,2021-04-09,0.34
12,694413,1345,2,1.5,84,East Boston,0.42,8.0,5259,0,0,3.21,5.13,3.7,14,2013-04-11,0.04
21,711053,2724,4,2.0,76,Fenway,0.93,5.5,6544,0,0,5.55,0.5,4.7,22,2004-04-13,0.05
30,763143,2793,3,1.0,41,Mattapan,0.32,8.3,4132,0,0,4.69,3.04,4.7,74,1995-04-16,0.2
10,705899,1379,3,1.5,80,Roxbury,0.01,6.5,6245,1,10506,2.34,1.95,4.9,40,2015-04-11,0.01
4,1039163,493,1,1.0,85,Brighton,0.07,6.6,6304,0,0,4.65,5.12,3.5,40,2021-04-09,0.35
1,1413156,2505,3,1.0,62,West Roxbury,0.48,10.0,6936,0,0,6.83,5.51,3.6,23,2024-04-08,0.16
11,582752,1320,4,4.0,77,South Boston,0.82,7.9,1228,0,0,4.9,0.69,4.8,68,2014-04-11,0.4
6,339059,2353,4,1.5,53,Brighton,0.29,6.0,6018,1,15786,4.75,4.54,1.9,47,2019-04-10,0.15
4,723515,420,2,2.5,41,Dorchester,0.83,7.1,6802,0,0,4.84,4.78,1.7,27,2021-04-09,0.27
17,1523912,2424,2,3.0,66,Roxbury,0.84,7.1,4177,0,0,5.12,3.89,2.8,20,2008-04-12,0.11
1,508897,952,4,2.0,45,South End,0.85,9.5,3904,0,0,2.6,4.21,3.9,34,2024-04-08,0.18
5,1241735,2311,4,1.5,36,Mattapan,0.47,7.1,3597,0,0,4.15,4.12,6.4,21,2020-04-09,0.33
1,1253310,1809,1,2.5,24,Dorchester,1.72,10.0,2935,0,0,4.23,4.54,3.6,31,2024-04-08,0.3
5,583923,1132,3,2.0,96,Roslindale,0.47,5.1,6331,1,3195,3.77,2.19,6.5,38,2020-04-09,0.06
1,920694,1515,2,2.5,65,Roxbury,0.42,7.0,9563,1,13866,5.53,4.94,4.3,24,2024-04-08,0.01
1,1238518,2280,4,2.5,147,Charlestown,0.16,5.9,3887,0,0,3.55,3.75,2.8,12,2024-04-08,0.44
1,636261,1874,1,4.0,68,Back Bay,0.26,6.3,4066,0,0,3.96,3.68,5.2,44,2024-04-08,0.31
8,688925,2209,2,2.0,95,Beacon Hill,0.03,6.3,5030,0,0,2.61,4.18,3.1,24,2017-04-10,0.35
10,575495,3183,4,1.5,57,Charlestown,0.7,5.9,1796,0,0,5.07,1.98,3.9,37,2015-04-11,0.28
7,445572,705,1,2.0,82,Roxbury,0.2,9.6,3608,1,18241,5.91,1.64,1.5,32,2018-04-10,0.25
23,555216,2932,3,1.0,24,Brighton,0.25,9.1,4886,0,0,3.96,3.35,1.2,87,2002-04-14,0.11
4,382817,1873,3,3.0,65,Mattapan,1.03,7.6,3212,0,0,5.71,5.35,4.3,35,2021-04-09,0.3
3,760225,1170,2,1.0,50,Brighton,0.28,6.3,7394,0,0,4.28,2.08,5.2,58,2022-04-09,0.34
15,519008,868,3,1.5,139,Allston,0.19,6.0,2412,0,0,2.0,3.71,6.4,28,2010-04-12,0.04
2,820135,1667,3,3.0,92,South Boston,0.13,8.1,6802,0,0,4.42,2.64,2.3,21,2023-04-09,0.27
24,283231,2445,2,2.0,129,East Boston,1.04,7.5,7937,0,0,4.24,2.48,5.7,45,2001-04-14,0.01
1,849264,1710,3,2.0,156,Dorchester,0.1,6.8,5763,0,0,4.65,4.1,5.5,23,2024-04-08,0.24
25,1000058,2857,4,2.0,62,Charlestown,0.42,7.8,4725,0,0,4.88,4.41,2.8,52,2000-04-14,0.09
1,200000,784,4,3.0,90,East Boston,0.49,8.3,5492,1,7593,3.47,2.55,5.6,18,2024-04-08,0.07
16,862216,1791,2,1.5,42,Dorchester,0.81,6.8,4118,0,0,6.71,5.16,4.9,42,2009-04-12,0.01
6,1118300,923,2,3.0,103,South End,0.7,5.8,1000,0,0,4.4,4.01,5.2,35,2019-04-10,0.27
35,387107,2054,2,1.0,112,Fenway,1.17,5.0,3041,0,0,4.2,3.21,6.8,77,1990-04-17,0.21
1,1251771,2420,3,2.5,100,Fenway,0.03,7.4,4977,0,0,5.62,3.92,5.2,44,2024-04-08,0.42
6,875705,1505,3,3.0,62,East Boston,0.25,10.0,3118,0,0,4.53,5.94,0.5,32,2019-04-10,0.34
25,538496,400,3,1.5,208,North End,0.23,5.3,4173,0,0,8.0,4.4,4.0,55,2000-04-14,0.01
6,733269,1939,1,2.0,85,Jamaica Plain,0.11,8.6,5958,0,0,4.19,2.66,1.1,11,2019-04-10,0.34
7,917498,2105,1,1.5,332,Beacon Hill,0.24,6.0,5290,0,0,5.03,3.48,3.7,48,2018-04-10,0.33
9,772801,2083,3,2.5,43,Roxbury,0.26,6.3,7116,0,0,3.38,3.66,3.6,50,2016-04-10,0.34
5,911626,2665,3,2.0,118,Charlestown,0.52,8.4,5588,1,27956,5.81,4.3,2.6,53,2020-04-09,0.34
7,473797,1050,2,2.0,141,Brighton,0.76,6.6,5705,0,0,4.96,3.79,2.0,51,2018-04-10,0.45
7,800808,2276,3,1.5,43,Dorchester,0.34,7.4,3575,0,0,3.99,5.77,2.7,46,2018-04-10,0.34
17,325885,2634,2,1.5,73,Roxbury,0.89,7.3,2337,1,10319,3.19,3.23,3.0,29,2008-04-12,0.13
1,716632,554,4,1.0,34,Hyde Park,0.29,6.0,4174,0,0,2.54,1.42,3.3,38,2024-04-08,0.24
3,478827,2023,4,1.5,159,Fenway,0.24,8.3,3545,0,0,5.13,3.76,3.7,25,2022-04-09,0.29
22,529341,1447,2,2.0,80,East Boston,0.55,6.9,4666,0,0,2.42,2.97,4.4,22,2003-04-14,0.14
16,1120827,1742,2,3.0,50,Back Bay,0.02,4.9,2867,0,0,6.46,1.7,3.0,29,2009-04-12,0.01
5,1077393,2043,3,2.5,142,East Boston,0.06,5.7,6684,0,0,2.61,2.66,5.4,31,2020-04-09,0.53
7,932741,1458,2,2.0,84,Allston,0.38,2.3,3538,0,0,4.23,3.07,3.4,43,2018-04-10,0.31
3,422306,1327,3,4.0,132,Mattapan,2.0,7.1,4272,0,0,3.18,4.87,4.9,70,2022-04-09,0.48
2,655077,1823,4,2.5,107,North End,0.89,9.0,4959,0,0,4.55,1.72,3.0,57,2023-04-09,0.3
5,1113929,1038,3,3.5,46,Dorchester,0.06,5.4,7246,0,0,4.54,3.92,7.6,41,2020-04-09,0.51
4,792515,1039,4,2.0,61,Charlestown,1.31,7.9,8517,0,0,5.17,6.16,4.2,65,2021-04-09,0.55
7,1445798,2275,3,1.5,51,North End,0.92,7.6,8654,0,0,2.21,3.29,6.0,35,2018-04-10,0.26
1,867995,995,2,1.0,41,North End,0.66,5.9,2436,0,0,3.35,3.25,2.5,47,2024-04-08,0.39
26,807614,2266,3,2.5,28,East Boston,1.2,9.3,4253,0,0,5.96,4.36,2.8,29,1999-04-15,0.01
30,657265,2123,3,1.0,230,Brighton,0.36,6.6,3873,1,1285,5.49,4.13,3.1,35,1995-04-16,0.01
9,790062,591,3,1.5,99,Jamaica Plain,0.18,10.0,5740,0,0,2.0,5.2,7.2,30,2016-04-10,0.25
6,704259,1325,2,2.0,107,Roxbury,0.5,4.5,5618,0,0,5.07,3.3,3.2,15,2019-04-10,0.45
3,962432,2635,1,2.0,151,West Roxbury,0.56,6.6,3833,0,0,2.95,4.34,2.3,15,2022-04-09,0.37
12,1037010,1113,5,2.0,61,Fenway,0.54,6.8,3676,0,0,3.61,4.36,5.5,17,2013-04-11,0.19
9,514203,1474,2,1.5,35,Mattapan,0.58,6.9,3005,1,2650,4.16,3.1,3.6,41,2016-04-10,0.15
2,350630,2123,5,2.0,125,East Boston,2.08,8.1,1000,0,0,6.84,3.36,3.2,71,2023-04-09,0.36
17,200000,2348,5,2.0,39,South End,1.63,10.0,2403,0,0,2.94,3.49,2.6,65,2008-04-12,0.13
13,902397,1623,4,4.0,124,Jamaica Plain,1.46,7.7,6733,0,0,2.39,2.01,4.2,47,2012-04-11,0.23
21,418990,1381,3,2.5,32,Brighton,1.13,7.0,7929,1,10667,5.18,3.03,5.1,26,2004-04-13,0.01
10,200000,2795,3,3.5,37,Hyde Park,2.01,5.4,7695,1,13355,4.46,5.3,4.7,22,2015-04-11,0.08
7,866573,3017,4,2.5,57,Allston,0.07,4.2,6818,0,0,6.31,4.75,2.8,37,2018-04-10,0.34
4,1497899,2485,2,2.0,121,Fenway,0.22,8.8,2976,1,8847,3.97,2.8,2.0,26,2021-04-09,0.25
19,748178,1859,3,1.5,193,West Roxbury,0.48,6.2,2637,0,0,6.32,3.48,0.5,16,2006-04-13,0.01
15,1001547,1234,3,2.5,107,Charlestown,1.31,10.0,1377,0,0,4.52,4.67,2.1,20,2010-04-12,0.04
1,774548,1218,3,2.0,58,Dorchester,0.49,8.3,3833,0,0,5.29,4.03,2.9,29,2024-04-08,0.37
1,720333,2165,3,2.0,138,South End,0.96,7.5,5174,1,10207,6.94,4.46,3.4,70,2024-04-08,0.03
4,1025722,2092,2,2.0,31,Jamaica Plain,0.1,7.6,2984,0,0,4.25,4.14,3.1,14,2021-04-09,0.27
12,662917,2781,3,2.0,47,South Boston,0.2,7.6,5862,0,0,6.07,3.76,7.7,18,2013-04-11,0.04
31,830217,2255,4,1.5,88,Roslindale,0.92,6.0,6303,0,0,3.58,3.3,4.2,30,1994-04-16,0.24
2,846509,747,2,2.0,128,South Boston,0.13,4.4,4051,0,0,4.84,2.07,1.6,23,2023-04-09,0.42
7,549572,2536,4,1.5,75,Mattapan,0.3,6.2,2319,1,9047,2.33,4.33,4.5,44,2018-04-10,0.31
4,1047612,1101,3,3.0,70,East Boston,0.22,7.0,7761,0,0,3.74,3.23,4.1,30,2021-04-09,0.36
25,697512,1531,4,1.5,73,Charlestown,0.3,6.0,5070,1,4989,2.91,1.52,1.9,16,2000-04-14,0.01
13,523276,1975,3,1.0,150,Mattapan,0.86,5.1,8882,1,9067,6.33,2.85,3.9,26,2012-04-11,0.01
13,910952,3196,4,2.0,53,Back Bay,0.32,5.9,5184,0,0,7.11,4.52,4.3,38,2012-04-11,0.13
5,480459,3976,1,2.5,45,Mattapan,0.57,8.6,5324,0,0,3.97,1.2,5.0,50,2020-04-09,0.11
4,758454,2224,4,2.0,72,Hyde Park,0.07,8.1,3071,0,0,3.34,2.26,0.8,18,2021-04-09,0.34
3,747264,1671,1,1.5,161,Allston,1.14,7.3,4152,0,0,2.53,3.66,4.5,40,2022-04-09,0.43
1,1075768,2174,4,2.0,56,East Boston,0.32,7.9,1882,0,0,4.9,5.19,5.6,29,2024-04-08,0.41
15,892409,2421,5,1.5,72,Jamaica Plain,0.73,5.3,2312,0,0,3.6,4.7,6.3,65,2010-04-12,0.01
12,742491,1575,2,3.5,31,Brighton,0.9,5.8,6482,0,0,3.68,5.3,1.7,26,2013-04-11,0.25
58,995329,3056,2,3.5,74,Beacon Hill,0.16,7.5,4434,1,1971,6.94,3.75,3.3,17,1967-04-23,0.17
40,1167062,1961,4,2.0,96,East Boston,1.51,5.5,4154,0,0,4.06,3.25,3.4,24,1985-04-18,0.26
6,917343,2148,2,1.5,39,West Roxbury,0.67,7.2,3519,0,0,5.38,4.51,4.5,13,2019-04-10,0.18
11,753105,2266,4,2.5,150,Mattapan,0.39,5.1,4228,1,6504,4.58,2.42,3.3,14,2014-04-11,0.06
21,356449,2095,2,1.0,95,South Boston,0.14,4.5,7266,0,0,2.47,2.33,2.4,44,2004-04-13,0.07
14,430465,2387,2,2.0,62,Roxbury,2.0,8.1,5288,0,0,2.0,2.11,3.8,41,2011-04-12,0.01
2,658432,1367,5,1.5,96,Dorchester,0.98,8.5,2639,0,0,5.23,4.81,3.0,46,2023-04-09,0.28
5,567146,1409,3,3.5,110,Roslindale,0.16,6.1,7060,0,0,7.06,2.5,4.3,25,2020-04-09,0.25
1,693908,1029,4,1.0,26,East Boston,0.29,4.7,8450,0,0,4.97,4.7,2.3,20,2024-04-08,0.01
22,766994,2107,2,2.0,98,Allston,1.16,3.7,5989,0,0,5.44,3.68,2.0,106,2003-04-14,0.11
7,908907,2345,3,2.5,158,South Boston,0.83,9.8,6782,0,0,3.14,4.82,5.5,37,2018-04-10,0.38
2,728850,2120,3,2.0,52,Roxbury,1.02,7.2,7441,0,0,6.02,2.17,6.9,19,2023-04-09,0.42
8,895950,2972,3,1.0,63,Allston,0.41,6.1,1686,0,0,6.0,2.75,6.2,75,2017-04-10,0.45
7,769342,1796,3,4.0,69,Mattapan,0.88,6.5,8728,0,0,3.46,4.04,3.4,69,2018-04-10,0.35
4,200000,2268,3,2.0,129,Mattapan,0.34,4.1,7197,0,0,5.32,2.98,5.1,48,2021-04-09,0.34
1,468199,1035,3,2.0,43,Allston,0.17,7.9,5977,0,0,2.0,0.51,2.5,31,2024-04-08,0.29
8,706773,1529,2,1.5,107,Fenway,0.7,10.0,4749,0,0,5.59,1.85,4.3,22,2017-04-10,0.45
6,387091,2286,4,2.0,69,South End,2.61,5.8,2325,0,0,3.64,2.16,2.6,27,2019-04-10,0.44
11,929978,2394,2,2.0,198,Beacon Hill,0.26,10.0,4337,0,0,2.66,2.25,5.4,64,2014-04-11,0.34
6,1209225,1594,3,1.0,72,Allston,0.43,6.8,5896,0,0,5.1,4.32,5.2,23,2019-04-10,0.36
14,1115628,1749,2,1.0,18,Roxbury,0.78,9.5,2791,0,0,2.0,3.9,6.6,18,2011-04-12,0.02
6,685967,737,3,3.0,118,Roslindale,0.55,7.5,4860,0,0,5.01,3.69,3.2,48,2019-04-10,0.4
6,1197217,1550,3,1.5,104,West Roxbury,1.3,7.5,2632,0,0,2.8,5.91,5.9,34,2019-04-10,0.43
15,794600,2423,2,1.5,93,Brighton,1.0,9.8,4230,0,0,2.48,4.91,4.3,24,2010-04-12,0.01
4,648874,2202,1,2.0,156,Back Bay,0.04,8.2,2294,0,0,4.59,4.46,3.6,25,2021-04-09,0.25
2,565979,2150,2,2.5,28,Hyde Park,4.52,7.6,2084,0,0,4.24,1.71,4.0,12,2023-04-09,0.33
1,659259,1834,3,1.0,48,North End,0.98,4.1,5680,0,0,6.69,3.57,6.0,26,2024-04-08,0.2
10,633546,1804,4,2.0,82,Beacon Hill,1.4,4.7,3840,0,0,2.57,3.86,3.3,60,2015-04-11,0.29
7,801124,1337,1,1.0,90,Dorchester,0.74,7.7,4028,1,12706,6.56,3.0,3.4,21,2018-04-10,0.16
9,798172,2289,3,1.0,76,South Boston,1.36,9.2,3733,0,0,2.79,5.55,0.5,117,2016-04-10,0.51
2,750913,2094,2,1.0,31,North End,0.08,7.2,10446,0,0,5.88,3.56,3.3,34,2023-04-09,0.41
2,881081,2144,3,3.0,63,Brighton,0.3,6.1,6214,0,0,6.16,2.03,3.9,16,2023-04-09,0.14
1,1107193,1431,4,1.0,190,Jamaica Plain,1.46,4.2,6429,0,0,4.98,2.3,2.4,39,2024-04-08,0.18
4,1034866,400,2,1.0,42,Charlestown,0.16,5.8,3449,0,0,3.31,6.24,2.0,21,2021-04-09,0.49
7,304530,2568,3,2.0,81,Charlestown,0.06,7.2,6009,0,0,2.22,3.0,0.7,49,2018-04-10,0.45
4,200000,1464,1,3.0,108,East Boston,1.09,5.7,4544,0,0,2.0,1.01,2.6,66,2021-04-09,0.37
5,1030295,1196,1,1.5,126,Roslindale,1.26,5.6,3433,1,3987,7.28,2.78,5.6,54,2020-04-09,0.07
17,339936,2285,2,2.0,118,East Boston,0.12,6.9,8858,1,6977,4.05,1.31,1.3,53,2008-04-12,0.01
3,682570,1525,1,1.0,60,Charlestown,1.35,9.2,6145,0,0,2.84,4.6,4.7,27,2022-04-09,0.27
6,398966,2541,3,2.0,48,East Boston,0.81,8.0,6044,1,9546,2.79,1.15,4.8,21,2019-04-10,0.2
11,209405,2231,3,2.0,199,West Roxbury,0.51,7.4,3056,0,0,4.75,1.82,7.2,45,2014-04-11,0.4
4,912438,2278,3,2.0,133,Brighton,1.24,7.3,2459,0,0,3.91,3.5,5.1,22,2021-04-09,0.31
7,977746,843,2,1.5,86,Charlestown,0.38,7.8,4884,0,0,2.0,4.83,4.9,27,2018-04-10,0.29
14,577046,2648,2,1.5,171,Allston,0.15,6.8,3852,0,0,5.8,3.42,4.1,22,2011-04-12,0.11
21,200000,1982,3,1.0,31,South End,0.23,6.4,6225,0,0,5.0,1.99,3.5,23,2004-04-13,0.08
2,586126,1541,5,2.0,35,Roxbury,0.49,8.1,6358,0,0,7.26,3.72,4.8,47,2023-04-09,0.13
19,867541,1900,1,1.0,18,Mattapan,0.53,6.7,5131,0,0,6.21,2.94,5.4,23,2006-04-13,0.15
5,306326,556,4,2.5,90,South End,1.15,5.2,6655,0,0,2.0,4.86,3.8,48,2020-04-09,0.36
3,805007,2086,3,4.0,92,Allston,1.1,9.2,5386,0,0,6.63,4.53,5.4,66,2022-04-09,0.25
5,745407,1079,3,4.0,33,Jamaica Plain,0.61,4.2,3256,0,0,6.31,2.86,7.8,25,2020-04-09,0.23
28,923787,853,3,3.0,131,Mattapan,1.06,9.3,4603,0,0,3.4,4.44,3.6,19,1997-04-15,0.23
5,785874,734,1,2.0,23,Fenway,0.15,7.8,5271,1,26872,3.85,3.83,3.6,58,2020-04-09,0.17
3,458079,2578,1,2.5,101,Dorchester,0.04,5.5,6857,0,0,5.12,5.14,3.4,40,2022-04-09,0.34
8,1108971,1359,3,1.5,114,Charlestown,1.45,7.0,5449,0,0,2.98,4.38,3.7,22,2017-04-10,0.28
2,702441,2873,2,2.0,89,West Roxbury,0.05,6.4,3857,1,17177,4.14,4.16,5.3,28,2023-04-09,0.07
1,741808,1424,4,2.0,30,Brighton,0.2,8.2,6932,0,0,6.0,5.09,3.6,42,2024-04-08,0.18
1,470019,604,3,2.0,155,Allston,0.83,8.2,5761,0,0,5.28,3.52,3.8,15,2024-04-08,0.23
1,617015,1018,2,2.5,61,Brighton,0.37,7.7,8091,0,0,3.5,2.57,3.1,82,2024-04-08,0.15
2,484559,2665,3,1.5,61,Fenway,1.46,8.1,5174,0,0,6.03,3.74,4.2,56,2023-04-09,0.13
2,698116,1690,2,1.5,55,East Boston,0.25,6.8,2925,0,0,4.95,3.07,2.7,34,2023-04-09,0.58
8,1263512,1416,3,3.5,120,Allston,0.01,9.6,7353,0,0,4.9,4.23,1.7,80,2017-04-10,0.24
2,338429,1912,3,1.0,60,Back Bay,0.25,8.8,3846,0,0,3.73,3.57,4.2,72,2023-04-09,0.32
3,265931,2151,4,2.0,40,South End,0.6,6.3,5590,0,0,4.49,3.98,6.5,31,2022-04-09,0.15
16,1191351,2582,4,3.5,139,East Boston,0.33,8.2,5371,1,1893,3.34,2.06,3.1,29,2009-04-12,0.01
5,687202,2813,3,2.0,80,Hyde Park,0.54,8.1,5091,0,0,2.0,4.11,1.9,30,2020-04-09,0.42
8,549278,1548,3,2.0,142,North End,1.46,6.6,4660,1,31227,4.08,1.96,6.4,46,2017-04-10,0.17
2,1061971,871,4,1.5,84,Jamaica Plain,1.71,6.5,1695,1,21507,4.32,4.65,3.6,44,2023-04-09,0.22
2,568315,1510,2,1.5,52,South Boston,0.22,8.8,2995,0,0,4.71,4.66,4.9,13,2023-04-09,0.34
1,1297802,1982,1,3.0,25,Mattapan,0.43,7.0,7244,0,0,6.32,3.92,2.4,42,2024-04-08,0.24
2,953377,1125,2,2.0,90,Roxbury,0.56,7.4,5857,0,0,3.52,3.87,3.5,42,2023-04-09,0.18
3,603626,1129,2,2.0,69,North End,2.08,9.1,8818,1,10014,3.95,3.23,5.6,30,2022-04-09,0.27
2,1397192,2040,3,1.0,123,Fenway,4.61,10.0,2924,0,0,5.65,2.78,3.7,35,2023-04-09,0.38
1,568285,1765,3,1.0,58,West Roxbury,0.19,6.2,4938,0,0,3.37,3.48,3.7,14,2024-04-08,0.12
1,972628,1822,3,4.0,102,Hyde Park,0.91,6.7,7326,0,0,4.73,5.88,1.3,18,2024-04-08,0.26
5,839787,1269,1,2.0,82,Allston,0.33,7.1,3868,0,0,3.89,3.78,4.7,22,2020-04-09,0.42
2,1140522,1638,3,2.0,50,South End,0.01,7.1,4029,1,15241,4.13,1.89,2.3,47,2023-04-09,0.06
4,1218453,1153,2,1.0,61,Jamaica Plain,0.01,7.6,4413,0,0,5.64,1.45,5.2,68,2021-04-09,0.43
5,759601,2423,3,2.5,35,Fenway,0.43,6.3,4109,1,4506,3.94,1.77,3.8,45,2020-04-09,0.26
9,523974,2524,3,3.5,206,Charlestown,0.47,5.1,6063,0,0,5.69,3.05,3.9,37,2016-04-10,0.29
1,887991,507,2,2.0,101,Mattapan,0.02,9.6,1439,0,0,2.0,5.02,4.7,51,2024-04-08,0.22
12,546685,1149,2,1.0,33,Back Bay,0.81,7.9,8285,1,8304,2.36,2.27,4.1,11,2013-04-11,0.12
7,1354016,752,1,2.0,200,Charlestown,0.24,6.4,3080,0,0,2.0,5.21,6.1,64,2018-04-10,0.49
1,790960,1344,4,2.5,42,South Boston,0.57,7.7,1000,1,4271,2.75,3.72,5.8,32,2024-04-08,0.06
15,640403,1741,4,2.0,57,Jamaica Plain,0.25,9.7,4979,0,0,7.29,4.08,1.7,60,2010-04-12,0.01
18,805404,785,3,3.0,72,Jamaica Plain,0.13,5.8,4245,0,0,4.47,4.05,3.2,49,2007-04-13,0.07
1,345862,1154,2,2.0,83,West Roxbury,0.37,7.3,4644,0,0,3.42,4.21,4.8,22,2024-04-08,0.32
3,458515,1097,3,3.0,121,Charlestown,0.19,4.9,5625,1,13258,5.67,3.01,2.1,39,2022-04-09,0.01
12,1110124,1945,3,2.0,22,North End,0.54,6.8,6289,1,37602,5.89,0.7,1.1,23,2013-04-11,0.01
10,552931,1848,4,1.0,83,South End,0.16,7.9,8373,0,0,2.67,2.79,2.4,44,2015-04-11,0.24
2,435926,1294,2,1.5,70,Hyde Park,0.5,5.3,3619,0,0,8.0,2.43,3.3,88,2023-04-09,0.26
2,910995,1923,1,1.5,91,Hyde Park,0.12,6.7,6548,0,0,4.91,3.87,0.5,44,2023-04-09,0.21
4,1105711,1417,3,3.5,68,Charlestown,0.78,8.2,6417,0,0,5.1,3.76,1.8,22,2021-04-09,0.37
5,965685,1609,3,2.5,62,Roxbury,0.98,7.9,1000,0,0,5.25,3.17,0.8,56,2020-04-09,0.55
7,1048814,2971,2,2.5,76,Dorchester,0.08,5.3,3333,0,0,5.24,5.61,5.2,21,2018-04-10,0.36
4,522961,2738,1,1.5,194,East Boston,0.44,7.6,2426,1,6225,3.57,2.73,4.9,66,2021-04-09,0.26
5,323456,890,3,1.5,63,West Roxbury,0.05,7.8,5895,0,0,7.67,0.83,3.9,19,2020-04-09,0.28
10,1200400,2380,4,2.5,151,Back Bay,0.64,7.2,5675,0,0,4.07,3.64,3.7,61,2015-04-11,0.36
1,653196,2367,5,2.0,89,West Roxbury,0.21,8.6,5715,0,0,5.94,4.93,4.3,26,2024-04-08,0.24
3,674750,996,3,1.5,86,West Roxbury,0.52,6.1,4388,0,0,3.79,3.84,2.0,47,2022-04-09,0.39
9,1148458,2373,3,2.0,91,Jamaica Plain,0.51,7.6,4590,1,7629,3.52,3.07,5.4,56,2016-04-10,0.13
16,916869,2876,1,1.0,107,Mattapan,1.81,5.3,4942,0,0,7.35,3.79,3.6,39,2009-04-12,0.12
6,886766,1014,3,1.5,66,West Roxbury,0.56,4.6,4197,1,8525,4.34,5.71,4.9,27,2019-04-10,0.01
6,1399500,1157,3,2.0,146,Back Bay,0.61,8.2,6554,1,6506,4.45,2.45,4.8,40,2019-04-10,0.03
1,556944,2512,3,1.0,108,Mattapan,0.36,7.0,2860,0,0,4.93,3.54,4.3,32,2024-04-08,0.29
5,1028352,1990,3,4.0,37,Brighton,2.08,6.3,3436,0,0,8.0,4.3,4.0,35,2020-04-09,0.2
6,767103,2186,2,1.5,18,Hyde Park,1.05,5.4,5242,0,0,7.75,3.8,3.9,15,2019-04-10,0.35
2,830577,2038,1,1.0,191,Roslindale,0.24,8.2,4264,0,0,6.43,3.2,3.4,50,2023-04-09,0.29
3,1208540,2073,2,1.5,93,Charlestown,1.3,4.7,2782,0,0,8.0,2.99,4.2,38,2022-04-09,0.25
4,902350,871,1,2.5,34,Roxbury,0.4,8.5,6063,0,0,3.08,3.16,3.8,14,2021-04-09,0.29
1,911488,2533,2,2.0,63,Hyde Park,1.23,7.7,3855,0,0,5.48,4.14,2.8,28,2024-04-08,0.3
3,1071752,2618,5,2.0,133,North End,1.21,4.8,3310,0,0,4.61,4.07,4.4,12,2022-04-09,0.45
2,640514,1639,3,1.0,74,Back Bay,0.15,7.2,4651,0,0,2.0,6.01,3.9,35,2023-04-09,0.2
3,498237,1769,3,1.0,78,Mattapan,0.85,10.0,3213,0,0,5.19,1.66,5.3,46,2022-04-09,0.26
1,436557,728,4,2.0,120,Jamaica Plain,0.24,8.8,4931,0,0,3.76,5.61,0.8,24,2024-04-08,0.19
16,200000,2159,5,3.0,98,Charlestown,0.25,5.8,4280,0,0,6.8,3.25,3.6,23,2009-04-12,0.01
7,1366862,2200,3,3.0,112,Jamaica Plain,0.25,8.1,3974,0,0,3.91,3.39,2.4,27,2018-04-10,0.44
8,419037,1756,4,1.0,119,Roslindale,0.91,4.9,3987,0,0,3.82,4.53,2.7,23,2017-04-10,0.49
11,683623,2587,2,2.0,53,West Roxbury,0.18,4.9,6991,0,0,6.8,4.52,4.3,21,2014-04-11,0.34
5,666956,1566,2,3.5,56,Brighton,0.0,6.9,5738,0,0,4.4,4.89,1.3,13,2020-04-09,0.32
1,842222,2195,3,2.0,49,Hyde Park,0.88,7.8,1581,0,0,6.24,5.15,3.7,22,2024-04-08,0.13
6,994721,1086,3,3.0,58,Mattapan,0.13,8.2,6765,0,0,5.14,3.45,3.5,15,2019-04-10,0.39
7,1008142,1783,3,1.0,76,Allston,0.08,8.2,6033,0,0,5.16,5.17,1.9,64,2018-04-10,0.48
10,575076,1677,2,3.5,79,Back Bay,0.19,7.7,5915,1,12724,4.13,2.75,3.7,71,2015-04-11,0.08
4,699863,1957,2,2.5,168,East Boston,0.33,4.6,6775,0,0,5.25,3.13,2.4,44,2021-04-09,0.4
1,834773,1541,3,3.5,95,Mattapan,0.45,6.9,5030,0,0,4.3,3.28,6.8,62,2024-04-08,0.35
3,675392,1707,2,2.5,77,East Boston,0.03,8.5,6240,0,0,3.29,2.87,5.3,21,2022-04-09,0.24
4,1232203,2378,3,2.0,43,Charlestown,2.47,7.7,4071,0,0,4.34,3.57,3.6,46,2021-04-09,0.35
8,897292,1494,3,3.5,68,Jamaica Plain,0.88,7.3,6695,0,0,6.43,4.58,2.9,45,2017-04-10,0.53
6,970463,675,3,1.5,199,Back Bay,0.27,7.5,5436,1,18092,5.3,4.28,4.3,40,2019-04-10,0.17
4,948864,3024,4,1.5,197,Brighton,0.27,7.5,2246,0,0,5.65,2.76,4.7,27,2021-04-09,0.24
31,1102042,2767,4,2.5,68,Hyde Park,0.42,4.1,7072,1,5370,4.5,2.67,3.9,34,1994-04-16,0.01
7,804306,895,3,2.5,27,Charlestown,0.69,8.7,4742,0,0,2.0,2.47,2.0,39,2018-04-10,0.3
2,360950,2282,3,3.5,63,Charlestown,0.11,6.8,4463,1,8444,2.67,3.61,3.2,39,2023-04-09,0.14
1,869906,1447,3,1.5,169,Roxbury,0.15,8.1,4114,0,0,4.07,1.6,3.6,20,2024-04-08,0.14
2,554592,1984,2,2.5,76,Hyde Park,1.37,3.5,4261,0,0,2.8,2.43,3.9,69,2023-04-09,0.3
2,591414,2005,1,2.5,120,South End,0.21,9.5,5459,0,0,3.71,2.95,4.0,35,2023-04-09,0.2
2,925909,1635,2,1.0,81,Charlestown,0.33,5.3,3024,0,0,3.66,4.77,4.6,52,2023-04-09,0.09
2,1121484,1251,3,2.0,32,East Boston,1.44,10.0,1862,0,0,3.7,3.34,5.5,25,2023-04-09,0.33
3,756381,1316,3,1.5,83,Fenway,0.76,10.0,2871,0,0,6.66,4.71,5.0,44,2022-04-09,0.36
2,842649,1158,4,1.5,129,Brighton,0.29,5.0,5763,0,0,4.42,3.73,4.4,37,2023-04-09,0.33
16,1260664,1217,2,4.0,58,Jamaica Plain,0.81,8.2,4676,0,0,5.9,2.93,1.6,21,2009-04-12,0.01
1,822225,1752,2,2.0,127,Fenway,0.01,5.5,7226,0,0,4.75,2.98,5.3,34,2024-04-08,0.14
6,1530504,1298,5,2.5,86,Roxbury,0.93,6.0,4870,0,0,6.62,2.1,4.7,29,2019-04-10,0.42
4,919652,2277,2,4.0,123,West Roxbury,0.47,6.1,6685,1,13935,6.03,6.38,3.1,30,2021-04-09,0.32
29,221771,2841,3,2.0,99,East Boston,1.17,7.7,3614,0,0,3.61,4.83,3.5,57,1996-04-15,0.21
1,976002,1393,3,3.0,45,South End,2.17,7.5,4129,0,0,7.44,4.22,3.6,32,2024-04-08,0.29
4,864347,1967,3,2.0,69,Jamaica Plain,1.82,5.2,5019,0,0,3.82,1.94,2.8,55,2021-04-09,0.33
25,1136925,2149,1,3.0,68,Roslindale,1.68,7.7,4706,0,0,4.8,2.96,0.9,46,2000-04-14,0.01
15,951954,2130,1,1.5,56,Jamaica Plain,0.5,6.7,4519,1,3938,5.07,2.33,1.8,36,2010-04-12,0.01
12,708463,1853,2,3.5,94,Back Bay,0.31,4.3,3255,0,0,5.23,3.65,2.1,59,2013-04-11,0.31
3,382710,2319,3,1.5,218,Beacon Hill,0.44,6.3,1828,0,0,5.69,2.39,0.5,56,2022-04-09,0.41
2,687293,2137,3,1.5,146,South End,0.82,9.5,6262,1,2842,3.36,2.7,1.8,36,2023-04-09,0.06
8,494843,933,2,2.5,156,Back Bay,1.51,6.4,6038,0,0,5.57,2.42,5.2,38,2017-04-10,0.4
19,575842,2408,3,2.0,54,Brighton,0.16,4.2,3772,0,0,5.37,3.21,4.2,59,2006-04-13,0.1
6,926573,2421,4,2.0,158,Back Bay,1.75,8.2,5757,1,5284,4.5,3.59,2.0,48,2019-04-10,0.37
6,1250971,1265,1,2.0,186,Roxbury,1.18,5.6,4667,0,0,4.22,3.24,2.5,68,2019-04-10,0.51
3,868401,1826,3,2.5,53,North End,2.7,7.3,7212,0,0,3.29,5.34,5.3,32,2022-04-09,0.33
11,391235,2278,3,1.5,105,East Boston,1.49,6.7,2375,0,0,5.22,4.47,5.3,19,2014-04-11,0.12
2,883380,1653,2,1.0,106,Hyde Park,0.23,9.6,4746,0,0,3.51,2.56,3.6,23,2023-04-09,0.29
3,1108989,2551,2,1.5,72,Mattapan,0.08,6.7,4586,1,14438,4.86,3.89,5.3,13,2022-04-09,0.17
4,567065,3454,3,2.0,90,Dorchester,0.08,5.3,5322,0,0,4.35,2.66,2.4,23,2021-04-09,0.44
5,709794,1249,4,1.5,109,Allston,0.24,6.3,8074,0,0,2.5,3.03,3.8,48,2020-04-09,0.51
2,754406,833,4,2.0,74,Roslindale,0.67,5.2,4752,0,0,3.1,4.08,1.3,32,2023-04-09,0.3
1,514530,2012,3,2.0,142,Roslindale,1.14,6.7,6486,0,0,5.11,4.3,3.0,21,2024-04-08,0.46
7,944484,2305,3,1.0,37,South Boston,1.61,9.7,4704,0,0,3.71,2.8,3.5,25,2018-04-10,0.21
3,713715,1638,3,2.0,67,Brighton,0.68,8.9,7141,0,0,3.66,2.17,1.0,40,2022-04-09,0.36
7,875859,2817,3,3.0,121,Dorchester,0.0,10.0,6505,0,0,3.35,3.61,4.4,26,2018-04-10,0.3
2,483752,862,3,1.5,206,Brighton,0.14,7.7,4333,1,3760,3.4,4.02,4.6,30,2023-04-09,0.01
5,618762,2285,2,2.0,147,Fenway,0.07,7.2,4189,0,0,6.96,2.73,5.0,16,2020-04-09,0.37
6,966714,1375,3,2.5,89,East Boston,0.32,5.5,5973,0,0,2.82,4.48,7.0,63,2019-04-10,0.24
1,638150,3003,3,2.0,77,Mattapan,0.49,7.4,3689,0,0,6.71,4.27,4.1,69,2024-04-08,0.23
3,1268089,3194,3,2.5,70,North End,0.03,6.8,5381,0,0,4.0,2.72,3.4,22,2022-04-09,0.32
2,630109,1263,4,2.0,70,Hyde Park,0.3,8.2,4288,0,0,3.52,4.86,1.1,28,2023-04-09,0.43
1,817405,1415,1,2.0,25,Fenway,0.14,5.3,5736,0,0,5.08,4.89,4.1,13,2024-04-08,0.09
33,1029777,2401,2,1.0,201,Charlestown,0.73,7.1,4677,1,5593,4.58,5.98,4.3,60,1992-04-16,0.14
3,324490,1529,1,2.5,80,East Boston,0.44,4.6,3614,1,8504,4.2,5.55,1.5,17,2022-04-09,0.18
12,221757,1768,4,2.5,51,Fenway,0.48,7.5,7210,0,0,4.83,2.42,3.1,33,2013-04-11,0.27
3,292303,1817,3,1.0,104,Allston,0.39,8.0,5479,0,0,4.56,4.61,3.5,20,2022-04-09,0.29
9,1128775,456,2,2.0,53,Brighton,2.19,4.6,4892,0,0,4.18,4.56,4.3,34,2016-04-10,0.2
10,584442,1790,3,4.0,135,Dorchester,0.17,5.0,5839,0,0,5.9,3.08,4.8,54,2015-04-11,0.15
7,1517459,1317,3,2.0,52,Mattapan,0.51,5.1,1657,0,0,2.33,4.05,2.7,46,2018-04-10,0.29
5,580725,1454,4,2.0,124,Jamaica Plain,0.93,6.7,9180,0,0,3.13,1.25,3.8,48,2020-04-09,0.41
4,805365,2810,3,3.5,69,Roxbury,0.57,4.9,5049,0,0,3.32,1.21,4.4,17,2021-04-09,0.5
4,1212632,920,3,2.5,96,South End,1.85,9.1,1073,0,0,2.91,1.44,3.2,33,2021-04-09,0.31
19,1351827,2369,4,2.0,130,Jamaica Plain,0.33,7.7,7394,0,0,4.63,3.97,2.9,94,2006-04-13,0.08
13,1368451,1604,2,2.5,60,Brighton,0.44,7.9,3497,0,0,5.26,4.02,4.6,39,2012-04-11,0.01
24,1112509,1604,2,3.0,128,Hyde Park,0.06,4.6,7087,0,0,2.0,3.17,3.2,34,2001-04-14,0.01
1,1057218,2353,3,2.0,26,North End,0.66,8.9,5243,1,9610,3.79,5.57,1.7,29,2024-04-08,0.13
10,927758,2038,5,2.0,178,Roslindale,0.24,8.0,1859,1,7640,4.02,4.68,5.6,37,2015-04-11,0.01
20,983508,2199,3,2.0,140,South Boston,0.12,6.0,5522,0,0,4.07,1.58,1.9,34,2005-04-13,0.01
2,584644,2477,1,4.0,78,Roxbury,0.55,4.7,5375,0,0,2.57,3.29,3.4,85,2023-04-09,0.35
1,504540,1568,2,2.5,153,Fenway,0.53,6.9,7303,0,0,4.03,2.37,4.0,52,2024-04-08,0.01
10,748987,1371,3,1.0,145,Dorchester,0.06,6.3,6044,0,0,3.13,4.0,4.2,32,2015-04-11,0.41
6,698944,1040,2,3.0,82,Hyde Park,0.84,6.4,2521,0,0,4.0,3.46,3.8,51,2019-04-10,0.44
13,614031,1222,3,2.0,82,West Roxbury,0.68,5.9,7004,0,0,2.0,2.44,0.5,23,2012-04-11,0.21
2,958916,3864,5,1.0,47,South End,0.15,8.1,4171,0,0,4.01,5.53,2.4,33,2023-04-09,0.27
12,1036591,2671,3,2.0,85,Beacon Hill,0.44,3.1,8440,0,0,3.42,3.57,3.9,26,2013-04-11,0.01
2,776522,854,3,2.0,32,East Boston,0.89,9.1,4290,0,0,4.11,3.0,3.3,49,2023-04-09,0.34
2,1193259,874,3,3.0,124,Back Bay,0.53,8.5,4577,1,8651,4.95,3.2,4.3,32,2023-04-09,0.08
2,407493,2137,2,1.5,125,Fenway,0.35,7.3,3356,0,0,4.43,5.44,5.0,36,2023-04-09,0.3
12,691902,2183,4,3.0,26,Allston,0.27,6.8,4002,0,0,5.69,4.59,4.3,31,2013-04-11,0.31
8,534953,2184,3,2.0,169,South Boston,0.66,8.6,3474,0,0,3.96,3.31,2.4,41,2017-04-10,0.47
6,200000,1621,3,1.0,57,Jamaica Plain,1.96,6.9,7352,0,0,5.43,2.31,2.7,49,2019-04-10,0.58
4,725195,1712,3,4.0,318,Brighton,0.78,6.6,2336,0,0,6.19,2.5,5.9,69,2021-04-09,0.37
15,713475,2029,3,2.0,94,South End,0.05,8.7,6609,0,0,4.91,2.92,3.2,29,2010-04-12,0.01
4,1204034,1860,3,1.5,170,Allston,0.43,10.0,6657,0,0,4.47,4.11,3.4,20,2021-04-09,0.34
12,939243,400,1,2.0,46,Mattapan,1.55,5.5,7755,0,0,5.12,4.41,4.3,42,2013-04-11,0.22
5,442743,1639,4,3.0,69,Hyde Park,0.07,7.6,5087,0,0,4.96,2.63,5.4,18,2020-04-09,0.48
4,1306227,1204,4,1.5,60,West Roxbury,3.15,5.4,2946,0,0,6.0,4.46,2.1,29,2021-04-09,0.25
5,1116310,1922,3,1.5,31,East Boston,2.08,7.8,4656,0,0,5.69,2.41,2.8,16,2020-04-09,0.39
3,924629,3889,5,1.0,37,East Boston,0.06,5.8,6189,0,0,5.71,2.77,1.1,139,2022-04-09,0.49
10,682054,2057,2,1.5,77,Mattapan,1.9,8.8,5169,0,0,4.57,1.76,3.1,64,2015-04-11,0.25
5,462168,1580,3,2.5,102,Hyde Park,0.32,6.8,5733,0,0,5.01,1.72,4.4,60,2020-04-09,0.46
2,638337,2445,3,2.0,43,Charlestown,1.3,7.1,7730,0,0,4.98,2.4,3.0,71,2023-04-09,0.32
17,1076624,2137,3,1.5,66,South Boston,0.38,9.4,6164,0,0,2.69,3.47,6.1,57,2008-04-12,0.12
4,1315375,2094,3,1.5,53,Roslindale,0.41,5.9,5396,1,2158,6.1,2.31,3.7,39,2021-04-09,0.06
6,1212973,2224,2,1.5,79,Hyde Park,0.7,8.0,1311,1,5104,2.0,5.3,3.3,39,2019-04-10,0.13
17,603345,3239,2,3.5,118,West Roxbury,1.04,6.0,3432,0,0,5.57,2.38,3.0,67,2008-04-12,0.04
7,414114,1008,3,1.5,87,Dorchester,0.02,8.8,4190,1,15209,4.9,3.72,1.5,69,2018-04-10,0.06
1,792265,2131,2,4.0,58,East Boston,0.63,9.7,1045,0,0,4.07,5.08,3.4,21,2024-04-08,0.23
20,219468,1151,3,2.0,142,Mattapan,0.14,6.6,2781,1,4763,5.09,3.61,4.0,32,2005-04-13,0.01
7,846950,2188,2,1.5,100,Hyde Park,0.3,3.7,4463,0,0,5.13,3.06,3.3,36,2018-04-10,0.57
3,705719,1156,1,3.0,89,Dorchester,0.3,6.0,4788,0,0,2.54,3.68,3.8,58,2022-04-09,0.37
2,610189,1507,3,2.0,44,South End,0.44,10.0,6011,0,0,6.62,2.83,2.5,23,2023-04-09,0.35
12,271589,1593,3,2.5,134,Roxbury,0.28,6.1,4589,0,0,4.61,2.3,1.6,21,2013-04-11,0.32
7,904080,2483,4,4.0,106,Roxbury,0.08,9.7,5496,0,0,7.97,4.24,3.3,17,2018-04-10,0.3
6,590189,2442,3,1.0,109,South Boston,0.11,6.1,4164,1,9809,5.68,2.8,3.8,26,2019-04-10,0.18
16,399024,927,2,1.0,72,South Boston,0.02,6.1,5084,0,0,4.57,4.62,3.2,29,2009-04-12,0.3
11,200000,1838,4,2.5,65,Brighton,0.44,8.2,5901,0,0,3.46,4.46,3.8,78,2014-04-11,0.22
2,741745,1303,3,1.5,202,Dorchester,2.16,8.0,7945,0,0,4.33,3.7,4.7,54,2023-04-09,0.39
3,1281675,919,1,1.5,64,South End,0.09,8.3,3970,0,0,4.72,4.67,4.7,58,2022-04-09,0.44
2,1248377,1648,3,1.0,39,Fenway,2.05,7.0,5288,0,0,6.7,2.85,4.8,20,2023-04-09,0.13
10,612871,1584,4,1.0,91,Fenway,0.93,8.6,6738,0,0,6.34,4.44,5.0,31,2015-04-11,0.31
1,569336,3498,3,2.5,82,South Boston,0.71,8.4,2120,0,0,5.18,4.43,4.2,50,2024-04-08,0.26
6,890632,2103,2,1.0,146,Roxbury,0.73,8.7,8995,0,0,7.15,3.14,4.0,37,2019-04-10,0.41
11,450484,835,2,2.0,76,Mattapan,1.23,6.1,7358,0,0,2.0,2.98,6.4,45,2014-04-11,0.14
15,840537,1404,2,2.0,116,Roxbury,0.08,8.6,1577,0,0,5.19,3.89,4.7,17,2010-04-12,0.01
3,979824,2514,3,2.0,176,South End,0.49,6.2,5742,0,0,6.38,5.86,2.2,36,2022-04-09,0.3
13,1118079,3261,3,1.0,102,Beacon Hill,0.84,6.8,3871,1,9108,5.32,3.22,0.7,52,2012-04-11,0.01
1,719953,689,1,2.5,45,West Roxbury,0.62,6.7,4205,0,0,2.5,2.96,3.1,20,2024-04-08,0.37
14,688897,484,4,1.0,25,North End,1.25,5.5,5701,0,0,6.58,4.91,4.4,14,2011-04-12,0.29
1,486605,3109,4,2.5,104,Allston,0.05,4.4,7100,0,0,5.64,3.58,4.9,20,2024-04-08,0.37
4,501935,2072,3,3.0,67,South Boston,0.82,8.8,4068,0,0,5.01,4.54,1.6,66,2021-04-09,0.48
12,682056,1192,4,2.0,95,East Boston,0.53,5.9,4095,0,0,4.63,5.27,4.6,18,2013-04-11,0.11
2,860209,2174,1,2.0,82,Fenway,0.33,6.6,5744,0,0,7.49,1.21,5.2,35,2023-04-09,0.22
2,1024075,400,3,2.0,38,Roxbury,0.29,5.9,6143,0,0,5.17,3.45,4.4,14,2023-04-09,0.3
9,509046,1802,3,2.0,75,North End,0.68,6.6,2985,0,0,4.14,3.22,4.1,21,2016-04-10,0.28
9,1197806,2029,4,3.0,44,Roxbury,1.55,6.2,8447,0,0,3.28,2.35,3.3,38,2016-04-10,0.36
8,668662,2446,4,3.0,62,South End,0.48,8.9,3713,0,0,5.64,1.2,2.8,34,2017-04-10,0.44
9,743589,1090,2,1.5,134,Roslindale,1.22,6.1,6929,0,0,5.98,1.59,4.7,61,2016-04-10,0.36
6,525836,1859,4,2.0,86,Roslindale,0.36,9.6,5903,0,0,4.58,3.63,4.4,43,2019-04-10,0.49
3,200000,1152,2,3.5,113,Beacon Hill,0.08,8.7,6212,0,0,3.66,2.86,3.0,20,2022-04-09,0.23
3,1015213,1978,4,4.0,90,Roxbury,0.04,6.3,3752,0,0,6.5,2.54,7.3,30,2022-04-09,0.42
2,971053,1173,5,2.0,70,Roxbury,0.04,7.5,1552,0,0,3.17,3.61,1.2,27,2023-04-09,0.25
17,665601,1514,2,2.0,95,Fenway,0.33,7.8,4957,0,0,7.45,2.67,3.2,12,2008-04-12,0.01
7,770097,1102,3,1.5,28,Hyde Park,0.29,8.3,4965,0,0,3.4,5.05,2.3,80,2018-04-10,0.46
4,904781,2255,1,4.0,124,Hyde Park,0.89,8.4,3083,0,0,2.58,2.75,4.1,35,2021-04-09,0.48
5,281236,2400,3,1.0,50,North End,0.95,7.3,6835,0,0,2.77,5.31,0.6,39,2020-04-09,0.45
21,591284,1635,3,2.0,109,North End,0.04,5.6,4896,0,0,2.84,3.46,5.4,49,2004-04-13,0.01
2,988279,1826,3,1.5,68,Allston,0.17,8.0,3381,0,0,4.15,2.72,5.0,50,2023-04-09,0.31
7,373713,785,4,1.5,38,South End,0.22,6.6,6170,0,0,3.8,2.63,3.9,53,2018-04-10,0.38
5,838067,1590,3,2.0,55,Charlestown,0.56,2.8,6223,0,0,6.04,5.32,3.0,28,2020-04-09,0.28
7,343025,1764,3,4.0,109,Charlestown,0.11,7.6,3567,0,0,5.82,4.34,4.6,26,2018-04-10,0.28
1,889928,3634,4,1.0,238,South Boston,0.1,5.9,7466,0,0,4.16,2.59,4.0,62,2024-04-08,0.2
15,739307,1021,5,2.0,79,Fenway,2.02,6.3,9486,0,0,8.0,3.64,4.9,81,2010-04-12,0.07
19,265460,2824,1,1.0,222,Back Bay,1.14,7.0,2819,0,0,4.14,0.67,3.3,14,2006-04-13,0.01
6,1099421,2497,5,1.5,28,Roxbury,0.14,4.7,4632,0,0,4.34,1.9,3.2,61,2019-04-10,0.45
9,529622,1996,1,2.0,71,Roslindale,0.37,7.2,5674,1,14138,2.58,2.6,5.1,30,2016-04-10,0.09
18,506924,3031,4,2.0,79,Back Bay,0.31,6.5,9560,1,15605,4.38,2.57,4.5,33,2007-04-13,0.01
9,810170,2060,2,1.5,112,North End,1.1,5.7,3532,1,18662,4.95,4.96,3.2,11,2016-04-10,0.14
2,1094591,2072,2,1.5,57,Hyde Park,0.5,7.1,3120,0,0,2.72,1.2,4.1,35,2023-04-09,0.46
7,445253,1762,3,1.0,100,Dorchester,0.1,4.5,3107,0,0,3.75,1.79,3.8,25,2018-04-10,0.39
7,768503,2656,3,1.5,73,Jamaica Plain,0.94,7.1,7442,0,0,4.99,4.04,4.2,12,2018-04-10,0.62
4,878644,2567,3,4.0,157,East Boston,0.35,7.7,3584,0,0,3.71,3.78,5.4,65,2021-04-09,0.41
10,957931,1362,1,3.5,91,Hyde Park,0.21,7.5,3299,0,0,3.4,3.08,3.0,39,2015-04-11,0.28
20,802932,876,3,1.5,303,Roxbury,0.33,8.2,5461,0,0,5.67,5.96,2.5,42,2005-04-13,0.01
19,639891,1657,4,2.0,74,Dorchester,0.48,8.7,5616,1,22590,2.58,4.24,3.9,65,2006-04-13,0.01
5,501722,1239,3,3.5,152,Roxbury,0.29,6.9,7142,0,0,2.87,4.97,2.7,50,2020-04-09,0.3
1,775843,1755,2,1.0,178,Hyde Park,0.19,8.6,5183,0,0,4.77,3.44,2.1,17,2024-04-08,0.17
30,428358,2666,3,3.0,15,Back Bay,0.36,6.9,5497,0,0,5.77,2.85,5.0,57,1995-04-16,0.27
13,200000,1479,1,3.5,123,Beacon Hill,0.01,6.0,4789,0,0,4.96,2.86,3.1,15,2012-04-11,0.1
1,880967,1770,4,1.0,38,West Roxbury,1.04,6.4,2391,0,0,4.16,4.61,0.7,48,2024-04-08,0.29
18,1021180,1840,4,1.5,72,Jamaica Plain,0.13,7.4,4600,0,0,4.04,4.43,4.8,91,2007-04-13,0.15
15,200000,2393,3,4.0,41,Allston,0.03,8.6,5125,0,0,6.02,3.24,2.8,48,2010-04-12,0.08
6,447080,400,3,2.0,159,East Boston,0.74,7.0,4112,0,0,5.79,4.07,4.4,29,2019-04-10,0.62
7,935746,1375,4,1.0,59,Hyde Park,1.04,6.0,1871,1,3804,4.57,4.66,5.1,89,2018-04-10,0.08
4,1367248,1947,3,1.5,27,West Roxbury,1.18,9.2,2730,0,0,4.08,2.82,3.8,38,2021-04-09,0.35
1,756238,2640,4,2.0,93,Back Bay,0.48,4.8,4921,0,0,4.55,3.09,0.5,20,2024-04-08,0.2
3,531599,1455,3,2.5,172,South Boston,0.16,6.0,6865,0,0,3.41,4.04,0.6,24,2022-04-09,0.44
12,695131,486,4,2.5,42,North End,0.94,8.3,8364,1,1022,4.27,1.35,2.5,24,2013-04-11,0.01
1,1162462,2233,3,4.0,132,Beacon Hill,0.84,9.6,4632,0,0,3.77,4.06,3.4,101,2024-04-08,0.1
3,556210,1355,3,1.5,23,Brighton,0.2,7.7,3566,0,0,4.35,2.15,5.3,48,2022-04-09,0.31
4,510242,967,5,2.0,178,Jamaica Plain,1.64,7.4,4254,0,0,3.82,4.63,3.9,49,2021-04-09,0.53
6,605176,1362,3,2.0,103,Hyde Park,0.08,6.6,2907,1,6246,5.29,6.08,7.4,44,2019-04-10,0.23
18,464001,1670,3,2.0,39,Dorchester,2.84,7.8,6575,0,0,5.73,2.66,1.3,40,2007-04-13,0.01
3,786801,1376,2,1.5,125,Back Bay,1.38,7.2,9275,0,0,3.93,1.88,3.7,26,2022-04-09,0.19
3,1237403,400,3,4.0,61,Allston,0.82,5.9,3614,0,0,3.28,3.28,2.8,18,2022-04-09,0.52
10,846923,2427,3,3.0,47,Charlestown,1.95,6.5,2615,0,0,5.57,3.18,3.9,42,2015-04-11,0.23
5,674293,2692,2,2.0,60,West Roxbury,0.9,5.7,7012,0,0,4.78,4.29,6.1,87,2020-04-09,0.29
2,662456,2256,1,2.0,118,North End,0.15,7.0,5636,0,0,3.95,3.78,6.2,41,2023-04-09,0.43
5,281042,1003,3,1.5,45,South Boston,0.41,7.2,5669,0,0,6.56,3.14,3.6,69,2020-04-09,0.48
2,1014932,1658,4,2.0,18,North End,0.05,9.5,8176,1,3549,3.65,3.61,4.8,14,2023-04-09,0.21
2,726648,1795,3,2.5,62,Dorchester,0.35,6.1,2267,0,0,2.0,2.15,3.8,41,2023-04-09,0.18
5,695856,2219,2,2.0,162,Hyde Park,0.95,6.7,2211,1,4284,3.44,4.5,1.9,26,2020-04-09,0.07
4,1707932,2267,3,4.0,161,South Boston,0.34,8.9,4676,0,0,6.93,5.44,3.5,20,2021-04-09,0.39
18,839625,1286,1,2.0,60,Hyde Park,0.28,9.7,5126,0,0,4.02,2.06,2.7,77,2007-04-13,0.05
4,524462,1857,3,2.0,59,Charlestown,0.63,7.7,4290,0,0,3.73,1.6,3.4,27,2021-04-09,0.4
7,622092,2120,2,2.5,56,Fenway,1.44,6.6,9921,0,0,4.54,3.02,2.2,48,2018-04-10,0.54
8,1094533,2819,2,1.5,55,South End,0.03,6.3,4379,0,0,6.02,2.03,3.7,33,2017-04-10,0.18
1,783981,2293,2,2.0,57,Charlestown,0.34,4.2,3898,0,0,4.38,1.97,4.0,17,2024-04-08,0.32
8,318516,2352,3,1.5,95,Roxbury,0.12,5.6,5248,0,0,5.39,1.82,4.6,52,2017-04-10,0.23
2,1025768,1858,1,2.0,164,Roslindale,0.83,7.2,6941,0,0,4.22,3.27,4.0,28,2023-04-09,0.36
23,549556,2787,3,2.5,45,Beacon Hill,0.08,6.7,3549,0,0,5.4,3.01,6.0,56,2002-04-14,0.01
2,1311989,2086,3,2.0,51,Fenway,0.77,7.9,4706,0,0,4.77,3.95,6.8,22,2023-04-09,0.21
4,1074014,1197,3,2.5,101,Mattapan,0.24,6.7,6998,0,0,3.9,2.82,2.9,26,2021-04-09,0.3
1,615803,2782,3,2.0,122,Brighton,0.16,5.9,7109,1,12357,4.89,2.04,5.0,47,2024-04-08,0.01
41,1134304,2288,4,1.5,32,Back Bay,1.93,7.5,5435,0,0,3.69,3.48,6.7,22,1984-04-18,0.25
5,770356,1489,2,3.0,198,East Boston,0.01,10.0,9836,0,0,2.43,2.23,5.0,51,2020-04-09,0.28
7,1005832,1464,3,1.5,69,South Boston,0.4,6.5,8961,1,17916,4.47,4.11,4.6,13,2018-04-10,0.26
1,895419,2007,1,1.5,34,East Boston,0.02,7.2,2187,1,10003,2.57,1.5,0.8,18,2024-04-08,0.12
10,496093,2124,1,2.0,31,East Boston,0.46,8.3,1616,0,0,5.4,0.9,2.7,36,2015-04-11,0.46
2,556935,1938,3,1.5,30,East Boston,0.49,6.1,6591,0,0,4.44,1.57,2.9,49,2023-04-09,0.31
16,1058988,2017,3,1.0,150,West Roxbury,0.27,8.9,7730,0,0,6.63,3.0,5.6,37,2009-04-12,0.08
2,649567,2989,4,2.0,86,Beacon Hill,0.1,4.6,4550,0,0,4.0,3.16,2.4,46,2023-04-09,0.45
2,628905,2550,3,2.0,151,Beacon Hill,0.33,6.4,3995,0,0,4.47,3.66,3.4,28,2023-04-09,0.24
1,463463,1933,5,2.0,77,South End,0.78,6.5,3359,0,0,2.3,2.82,4.8,13,2024-04-08,0.09
5,877079,2458,1,4.0,148,Mattapan,1.07,7.2,2663,0,0,2.84,2.48,2.3,29,2020-04-09,0.42
6,1368757,1077,1,2.0,76,Dorchester,0.53,4.0,7272,0,0,2.0,5.22,3.9,30,2019-04-10,0.25
1,429740,2078,1,3.0,112,Charlestown,0.62,9.0,4237,0,0,6.12,4.9,3.7,66,2024-04-08,0.49
11,757265,3066,2,1.0,80,Beacon Hill,0.16,7.6,5603,0,0,3.81,4.68,4.8,51,2014-04-11,0.38
5,1173666,1647,3,2.0,74,North End,0.24,8.7,1348,0,0,6.49,3.87,4.5,19,2020-04-09,0.62
6,726107,1206,3,3.0,48,Allston,0.12,9.4,7004,0,0,2.0,3.97,4.4,12,2019-04-10,0.4
5,885711,1343,1,2.0,120,Jamaica Plain,0.2,5.9,6175,0,0,6.82,2.53,3.8,32,2020-04-09,0.42
4,431281,1037,4,2.5,42,West Roxbury,0.18,3.3,2310,0,0,4.4,3.67,1.0,26,2021-04-09,0.36
6,878492,1250,4,2.0,120,Dorchester,0.51,8.7,5518,0,0,5.01,2.37,3.7,83,2019-04-10,0.46
2,693856,1540,2,1.0,89,North End,0.58,6.6,5009,0,0,2.91,2.24,3.6,67,2023-04-09,0.15
2,1045718,816,1,2.0,122,Allston,2.03,5.3,4099,0,0,5.29,1.56,4.6,17,2023-04-09,0.03
14,1106215,1810,2,2.0,93,Hyde Park,0.15,7.9,1000,0,0,3.94,3.99,2.9,50,2011-04-12,0.05
21,1526869,2431,2,3.0,157,West Roxbury,0.72,10.0,3679,0,0,2.71,3.7,3.6,45,2004-04-13,0.01
4,923889,1164,2,1.5,106,Dorchester,1.19,6.8,5604,0,0,2.69,3.14,3.6,44,2021-04-09,0.5
3,847738,2863,3,4.0,90,Hyde Park,0.58,8.4,3902,0,0,2.66,2.98,2.4,132,2022-04-09,0.53
8,808315,2157,2,4.0,16,South End,0.21,5.5,4556,0,0,5.07,1.3,1.8,33,2017-04-10,0.23
4,644050,2521,3,1.5,161,Beacon Hill,0.21,4.5,7993,0,0,3.55,3.81,4.1,53,2021-04-09,0.49
1,851545,1339,5,1.5,29,North End,0.03,8.4,4844,0,0,2.04,3.12,5.0,57,2024-04-08,0.33
2,661379,2398,3,3.0,36,Brighton,0.26,7.8,1000,0,0,5.05,4.58,2.6,42,2023-04-09,0.16
9,800538,1035,4,4.0,129,Mattapan,0.96,6.3,4630,1,4936,2.0,3.68,3.2,83,2016-04-10,0.1
8,1145279,2423,2,2.0,85,Dorchester,0.03,9.6,5198,0,0,6.49,4.35,4.7,39,2017-04-10,0.31
1,448037,1920,3,1.5,30,Roslindale,0.17,4.4,3349,0,0,7.48,3.49,4.9,56,2024-04-08,0.32
2,1091963,2187,3,2.0,59,Fenway,0.86,5.2,6469,1,10376,2.53,3.72,3.8,24,2023-04-09,0.01
2,1145134,977,1,2.5,156,Charlestown,1.07,6.2,2075,1,14485,6.08,4.62,4.1,18,2023-04-09,0.09
8,714579,1173,1,1.5,91,Charlestown,0.43,6.5,4724,0,0,5.02,3.27,4.3,47,2017-04-10,0.3
1,200000,2218,3,2.5,86,South Boston,0.84,9.2,2052,0,0,3.75,4.07,4.6,34,2024-04-08,0.3
1,567653,1136,3,1.0,54,South Boston,0.34,7.1,4408,0,0,3.82,2.97,1.9,35,2024-04-08,0.23
12,1139098,2124,3,1.0,131,Mattapan,0.12,6.7,6416,0,0,5.48,3.34,6.4,29,2013-04-11,0.13
2,743139,843,3,2.0,79,Hyde Park,0.36,5.1,4676,0,0,4.44,5.41,3.9,55,2023-04-09,0.27
8,450209,2393,3,2.0,118,Roslindale,0.61,8.6,4559,0,0,2.0,4.27,4.6,38,2017-04-10,0.57
2,598567,937,1,1.5,51,South End,2.07,5.3,5055,0,0,7.61,2.85,2.4,109,2023-04-09,0.25
1,1002186,2186,2,2.0,238,Fenway,0.05,5.1,5155,0,0,5.15,4.01,3.2,38,2024-04-08,0.14
2,914020,2237,2,1.5,172,Brighton,0.5,6.4,6387,0,0,4.42,1.96,4.1,43,2023-04-09,0.32
9,678320,1312,1,1.5,91,Beacon Hill,0.28,7.2,6399,1,2174,3.42,3.23,0.8,59,2016-04-10,0.12
14,639952,2207,5,1.5,102,Back Bay,0.5,5.9,7843,0,0,4.22,2.36,2.1,46,2011-04-12,0.01
13,632472,1982,3,4.0,59,East Boston,0.02,8.1,5335,0,0,6.4,4.04,2.4,19,2012-04-11,0.39
4,473276,1422,3,2.0,123,Dorchester,0.26,6.6,1678,0,0,4.89,3.27,1.6,31,2021-04-09,0.36
8,1234612,1094,2,2.0,19,Jamaica Plain,1.2,8.6,6715,0,0,5.06,3.84,3.7,23,2017-04-10,0.32
2,653303,426,3,2.0,196,Back Bay,0.57,7.8,7699,0,0,2.63,4.43,3.4,45,2023-04-09,0.3
3,1115147,2044,2,4.0,119,East Boston,0.42,9.7,9923,1,6611,3.98,2.95,5.6,40,2022-04-09,0.28
16,1206394,704,1,1.5,45,Beacon Hill,0.24,6.3,7903,1,7068,4.58,2.99,1.8,57,2009-04-12,0.01
1,1049493,1866,2,2.5,193,Dorchester,0.25,8.3,4019,0,0,5.54,3.46,3.9,61,2024-04-08,0.28
1,620513,1615,4,2.5,227,Roslindale,0.34,4.3,5374,0,0,3.88,2.47,2.2,23,2024-04-08,0.45
2,871119,2275,3,2.0,105,North End,1.26,10.0,4458,0,0,5.89,3.49,0.9,61,2023-04-09,0.33
1,742741,1588,3,1.0,51,Brighton,2.39,8.2,4186,0,0,2.78,3.55,4.4,66,2024-04-08,0.12
2,478889,1569,3,2.5,87,East Boston,0.4,6.6,4773,0,0,4.6,3.77,4.5,21,2023-04-09,0.23
7,847307,2312,4,1.0,114,Jamaica Plain,0.35,6.6,7571,0,0,4.35,4.0,4.3,43,2018-04-10,0.4
4,396288,2034,1,2.0,100,East Boston,1.31,6.6,1821,0,0,2.23,1.58,1.5,73,2021-04-09,0.51
16,1106303,2021,2,2.5,45,North End,0.39,9.8,2994,0,0,4.43,1.96,3.6,31,2009-04-12,0.01
12,610614,2128,2,1.5,113,Roslindale,0.56,8.3,7438,0,0,3.63,2.1,4.4,35,2013-04-11,0.24
3,810347,725,4,3.0,155,Roxbury,0.18,6.3,7907,1,7475,6.62,3.61,4.9,43,2022-04-09,0.01
3,834986,2329,5,1.0,38,Dorchester,0.95,5.1,3681,0,0,3.88,3.16,4.4,38,2022-04-09,0.19
4,672328,2228,2,3.0,41,Allston,0.53,8.8,8301,0,0,5.03,0.78,4.9,39,2021-04-09,0.29
7,926008,1088,4,2.0,57,Back Bay,1.16,8.3,6951,0,0,2.65,5.84,5.1,50,2018-04-10,0.52
3,607528,1629,4,1.5,74,East Boston,1.06,8.1,4464,0,0,4.85,1.11,3.7,51,2022-04-09,0.32
7,1011389,1772,2,1.0,133,Fenway,0.17,6.9,1000,0,0,3.88,3.54,4.2,34,2018-04-10,0.43
4,346206,1705,3,4.0,154,Charlestown,0.88,6.6,1663,0,0,3.34,4.18,5.0,88,2021-04-09,0.4
6,787913,2033,3,1.0,50,Hyde Park,1.13,9.5,3683,0,0,8.0,2.64,4.1,23,2019-04-10,0.51
5,1331678,2801,5,1.5,95,South Boston,0.3,9.7,6519,0,0,3.97,4.27,5.3,56,2020-04-09,0.32
3,449900,2557,2,1.5,151,Jamaica Plain,0.13,8.0,6526,0,0,4.18,2.29,4.8,12,2022-04-09,0.38
21,546676,881,4,2.0,246,Fenway,0.0,8.5,4067,0,0,5.85,3.71,2.6,37,2004-04-13,0.01
11,904172,2235,2,2.0,94,Beacon Hill,0.42,7.4,4537,1,4019,3.35,0.88,1.5,11,2014-04-11,0.25
2,803874,2730,3,1.0,97,East Boston,0.3,4.9,4935,1,10560,5.1,4.91,3.5,38,2023-04-09,0.01
15,855189,2070,3,1.5,106,Beacon Hill,0.57,5.5,4562,0,0,5.27,3.5,1.7,46,2010-04-12,0.01
5,896756,2563,3,1.5,70,Mattapan,0.15,8.7,5327,0,0,4.87,1.59,3.6,29,2020-04-09,0.42
16,940416,3208,4,1.5,90,North End,1.37,8.9,4939,0,0,7.94,4.25,3.5,36,2009-04-12,0.06
12,1082909,2516,4,2.0,22,Dorchester,0.21,8.6,1651,0,0,3.29,5.46,5.5,53,2013-04-11,0.23
4,872945,1974,4,2.5,59,Jamaica Plain,0.18,7.5,4584,0,0,6.81,2.39,4.3,10,2021-04-09,0.38
1,677622,2531,1,1.5,112,Brighton,0.46,8.6,4954,0,0,5.21,3.25,5.0,27,2024-04-08,0.13
3,951772,1901,3,2.0,48,Back Bay,0.48,6.9,6979,0,0,5.86,2.88,2.8,75,2022-04-09,0.48
6,1319964,1816,2,2.0,135,East Boston,0.17,7.9,3337,0,0,5.01,2.58,5.8,18,2019-04-10,0.48
8,710209,1554,3,4.0,27,Fenway,0.22,6.7,5407,0,0,7.32,2.45,4.8,24,2017-04-10,0.48
3,457641,2894,3,4.0,132,Mattapan,0.13,5.4,6125,1,11298,4.02,2.72,4.1,13,2022-04-09,0.06
2,1082124,1227,3,3.0,132,South End,0.89,8.3,4703,0,0,5.25,2.79,0.8,27,2023-04-09,0.34
13,713885,2872,3,1.5,248,Roslindale,1.03,8.9,1490,0,0,6.46,3.07,5.3,33,2012-04-11,0.17
30,200000,2149,5,1.0,68,Beacon Hill,0.43,10.0,7020,0,0,3.66,2.99,6.2,129,1995-04-16,0.34
6,1004226,820,2,1.5,85,East Boston,0.88,7.4,6494,0,0,6.0,4.41,3.5,44,2019-04-10,0.5
2,589401,2057,3,1.5,186,Back Bay,0.93,5.4,5457,0,0,4.47,4.31,3.5,28,2023-04-09,0.31
3,722840,400,3,2.0,173,East Boston,0.1,6.5,5080,0,0,2.65,1.66,2.7,15,2022-04-09,0.18
1,849594,2237,2,2.5,146,East Boston,2.37,6.8,1437,0,0,2.32,2.79,1.1,24,2024-04-08,0.44
18,807149,2419,2,3.0,102,East Boston,1.2,7.2,6549,0,0,4.36,5.0,2.7,22,2007-04-13,0.09
1,962835,1385,4,3.0,183,Roslindale,0.16,7.7,7972,0,0,5.99,3.85,6.0,12,2024-04-08,0.17
7,619354,1886,4,2.0,296,South Boston,0.14,7.5,2772,0,0,2.0,3.9,5.1,18,2018-04-10,0.45
3,903931,3167,4,2.5,118,Charlestown,0.09,8.2,7690,1,3732,4.8,3.79,2.3,28,2022-04-09,0.01
6,672135,1445,5,1.5,87,Jamaica Plain,0.1,7.3,7262,0,0,5.84,3.19,2.6,30,2019-04-10,0.51
8,971643,1058,2,1.0,125,Dorchester,0.97,3.7,2713,0,0,2.58,3.45,6.7,53,2017-04-10,0.23
13,934610,2837,3,2.5,94,Jamaica Plain,0.44,7.3,4211,0,0,3.55,3.02,2.0,77,2012-04-11,0.14
2,469368,3173,3,1.0,72,Jamaica Plain,1.07,7.1,2209,1,20923,5.36,4.53,2.4,30,2023-04-09,0.14
1,1075794,1802,3,2.0,135,Roxbury,0.96,7.8,4869,0,0,5.77,3.03,2.9,57,2024-04-08,0.35
2,589210,2508,3,1.5,63,Brighton,0.65,6.5,5896,0,0,6.91,3.36,1.5,28,2023-04-09,0.31
17,992417,2739,3,2.5,116,West Roxbury,0.81,7.3,2359,1,2932,3.62,4.38,2.7,21,2008-04-12,0.01
15,860186,1280,3,2.5,31,Beacon Hill,0.01,7.8,5771,0,0,3.28,3.11,2.7,51,2010-04-12,0.07
7,1301455,1460,3,1.5,201,South Boston,0.26,6.8,6278,0,0,6.98,3.42,2.1,27,2018-04-10,0.4
7,682960,2661,2,3.0,52,Jamaica Plain,0.71,8.0,6306,0,0,3.37,3.07,5.5,22,2018-04-10,0.38
8,645204,2979,3,1.5,35,Charlestown,0.01,7.1,5909,0,0,5.26,3.39,1.7,20,2017-04-10,0.36
2,744174,2194,3,2.0,169,Hyde Park,0.02,7.2,2543,0,0,7.77,3.11,3.3,14,2023-04-09,0.13
18,659046,1184,3,2.5,187,North End,1.34,2.6,4757,0,0,5.63,2.86,2.2,36,2007-04-13,0.01
4,989982,3190,2,2.5,101,West Roxbury,0.81,5.3,5704,0,0,5.67,2.65,3.2,25,2021-04-09,0.38
4,265106,1428,3,4.0,80,Hyde Park,0.22,5.3,7922,0,0,6.42,3.29,2.1,58,2021-04-09,0.35
6,433895,1565,1,1.5,69,Beacon Hill,0.82,7.3,5004,0,0,5.29,4.72,3.6,89,2019-04-10,0.38
1,429659,2039,3,2.5,98,East Boston,1.1,8.9,5851,0,0,5.68,4.25,4.0,20,2024-04-08,0.2
2,1035092,2887,4,2.0,83,South End,0.26,6.8,3135,0,0,3.99,1.6,5.6,16,2023-04-09,0.2
10,1263184,2397,3,3.5,77,North End,0.03,8.3,2690,0,0,6.24,2.99,2.6,78,2015-04-11,0.26
1,718665,2090,2,1.5,49,Fenway,1.89,8.0,2433,0,0,5.12,2.73,5.9,38,2024-04-08,0.2
7,699353,2124,3,2.5,41,North End,0.3,7.2,4159,1,4784,2.28,1.63,2.3,37,2018-04-10,0.2
2,771015,1830,3,2.0,89,Hyde Park,0.08,7.9,9124,0,0,4.86,3.83,3.1,42,2023-04-09,0.33
4,1098563,2190,4,1.5,96,Beacon Hill,0.47,7.4,4195,1,2665,2.0,3.38,6.1,64,2021-04-09,0.15
3,471794,400,3,2.0,54,East Boston,1.02,6.8,5729,0,0,5.57,5.93,7.9,64,2022-04-09,0.22
4,821510,1592,3,1.5,59,Fenway,0.18,7.6,6114,0,0,4.15,3.1,6.0,50,2021-04-09,0.21
9,1042559,1968,3,2.0,96,Roslindale,0.22,9.2,2816,0,0,7.36,2.57,3.2,18,2016-04-10,0.59
3,900328,994,2,3.0,48,West Roxbury,0.19,7.7,4129,0,0,5.23,2.45,4.3,13,2022-04-09,0.21
6,806874,2070,2,2.0,149,Dorchester,3.35,7.3,6248,1,2282,5.89,2.96,4.5,18,2019-04-10,0.13
5,1050313,1656,3,2.0,114,North End,0.15,5.7,5856,1,9272,2.93,4.21,4.0,15,2020-04-09,0.24
8,200000,3028,3,2.0,54,South End,0.6,9.1,1012,0,0,5.53,4.35,2.0,53,2017-04-10,0.43
20,953362,2901,3,1.0,110,Allston,1.82,4.9,6188,0,0,3.54,7.01,3.9,24,2005-04-13,0.05
10,553777,1473,2,1.5,49,Mattapan,0.11,4.4,3898,0,0,6.14,2.05,2.7,49,2015-04-11,0.25
2,200810,1694,1,2.0,132,Brighton,2.47,7.6,3950,0,0,2.82,3.6,2.0,35,2023-04-09,0.34
1,903360,1748,3,1.5,50,Hyde Park,2.06,5.7,5809,0,0,4.66,2.68,3.0,24,2024-04-08,0.24
3,1162097,1483,2,1.5,79,South Boston,1.51,8.6,8045,0,0,2.76,3.92,4.0,21,2022-04-09,0.3
7,708765,1936,3,2.0,92,Back Bay,0.17,4.5,4599,0,0,4.69,5.16,5.0,23,2018-04-10,0.42
1,1035862,1269,1,1.5,185,Fenway,0.7,8.4,7358,0,0,7.53,4.53,3.1,17,2024-04-08,0.35
5,1233683,1008,3,1.5,52,Charlestown,1.0,8.2,2118,0,0,5.58,2.05,3.4,90,2020-04-09,0.38
7,1144474,2235,4,2.0,51,West Roxbury,2.99,7.2,5261,0,0,4.45,4.32,4.7,33,2018-04-10,0.39
3,1241989,2240,2,1.0,32,Roxbury,0.14,3.9,3917,0,0,2.0,0.96,3.6,35,2022-04-09,0.43
11,972638,1236,3,3.5,215,Roslindale,1.02,4.4,5564,1,4773,3.7,0.64,4.1,34,2014-04-11,0.11
1,772630,2426,1,3.0,86,Hyde Park,0.29,7.4,4407,0,0,5.21,3.2,3.6,52,2024-04-08,0.4
1,269410,1357,3,2.5,151,Brighton,0.14,6.7,2317,0,0,3.73,4.23,3.8,22,2024-04-08,0.08
10,676181,1977,3,1.0,60,East Boston,0.38,8.1,3225,0,0,6.64,3.92,1.9,66,2015-04-11,0.41
5,497026,2374,3,2.5,63,Allston,1.11,6.9,1713,0,0,4.61,5.79,3.7,29,2020-04-09,0.46
9,1401282,1776,3,3.0,82,Mattapan,0.44,6.8,2386,0,0,6.12,3.63,5.6,28,2016-04-10,0.26
4,697234,2118,4,2.5,84,Fenway,0.54,3.4,5960,1,15672,4.81,3.37,3.8,72,2021-04-09,0.18
2,786961,1438,2,1.0,123,Roxbury,3.73,8.2,4497,1,4064,4.09,4.89,2.2,22,2023-04-09,0.22
12,915445,1662,1,2.0,88,West Roxbury,0.36,6.0,5461,0,0,3.79,3.05,5.7,44,2013-04-11,0.1
12,763080,1655,4,3.0,68,Jamaica Plain,0.67,6.4,8631,0,0,2.98,3.97,4.6,34,2013-04-11,0.23
9,1258515,1277,3,2.0,218,West Roxbury,0.32,5.4,4408,0,0,6.14,4.04,4.7,24,2016-04-10,0.43
3,563205,1676,4,2.0,49,East Boston,0.35,4.7,6268,0,0,3.86,2.33,4.6,48,2022-04-09,0.19
7,808382,715,3,2.0,52,Dorchester,0.83,9.2,5056,0,0,5.28,3.96,1.8,18,2018-04-10,0.4
4,527258,1456,4,2.0,49,Charlestown,1.95,8.2,10525,0,0,3.71,6.12,4.5,24,2021-04-09,0.39
1,353993,1600,3,1.0,126,Hyde Park,0.55,8.2,1000,0,0,2.88,4.86,5.6,37,2024-04-08,0.17
18,566469,1620,3,2.0,109,Jamaica Plain,1.02,6.7,3564,0,0,5.33,2.49,2.8,82,2007-04-13,0.01
2,738888,1630,4,1.0,77,Dorchester,0.07,4.4,6308,0,0,3.38,6.31,0.6,78,2023-04-09,0.28
22,621209,1756,3,2.0,47,North End,0.17,10.0,3494,0,0,3.9,4.33,4.0,44,2003-04-14,0.09
5,542273,2135,2,1.5,92,North End,0.49,7.6,6132,0,0,2.63,4.01,3.5,29,2020-04-09,0.45
